PDB,ln(kf),sequences,K?,Ht,Hp,P,pHi,pK',Mw,Bl,Rf,?,Hnc,Esm,El,Et,Pa,P?,Pt,Pc,Ca,F,Pr,Ra,Ns,an,ac,am, V?,Nm,Nl,Hgm,ASAD,ASAN,?ASA,?Gh,GhD,GhN,?Hh,T?Sh,?Cph,?Gc,?Hc,T?Sc,?G,?H,T?S,V,s,f
1AEY,2.09,MDETGKELVLALYDYQEKSPREVTMKKGDILTLLNSTNKDWWKVEVNDRQGFVPAAYVKKLD,0.378982323,0.353341319,0.354428965,0.33873139,0.423553636,0.800126502,0.457489372,0.673628457,0.415120968,0.403870513,0.662445343,0.573924731,0.397748022,0.508184882,0.512697323,0.466044143,0.459899379,0.373023403,0.442876344,0.635552505,0.420876446,0.335019136,0.377246157,0.559618308,0.380555556,0.452046868,0.486817649,0.572835314,0.407286262,0.408221873,0.595206093,0.435195853,0.433112721,0.62451202,0.497454575,0.736878075,0.631133761,0.45120221,0.416281077,0.351316277,0.285097166,0.692656638,0.249466112,0.403585188,0.543422832,0.417741935,0.277419355,0.409677419
1APS,1.48,STARPLKSVDYEVFGRVQGVCFRMYAEDEARKIGVVGWVKNTSKGTVTGQVQGPEEKVNSMKSWLSKVGSPSSRIDRTNFSNEKTISKLEYSNFSVRY,0.420025905,0.308125372,0.360936984,0.272847331,0.451099589,0.763805522,0.427147603,0.619243744,0.393367347,0.375969904,0.627616264,0.578443878,0.424528302,0.531830643,0.432805037,0.478978057,0.503651002,0.432072829,0.416454082,0.657837603,0.430881787,0.326098236,0.386556636,0.500053425,0.315702948,0.452731765,0.44917828,0.491944146,0.45390324,0.452787456,0.554809643,0.414005558,0.404445946,0.580868972,0.471752671,0.710394327,0.605829954,0.44170446,0.378736514,0.388986629,0.298055186,0.703738226,0.245360165,0.397913711,0.549517292,0.389795918,0.26122449,0.381632653
1ARR,9.2,MKGMSKMPQFNLRWPREVLDLVRKVAEENGRSVNSEIYQRVMESFKKEGRIGA,0.425229277,0.336469646,0.368774239,0.343617562,0.482962193,0.757861635,0.465262542,0.635064706,0.4,0.406536562,0.597693384,0.552672956,0.42257031,0.513376514,0.522480931,0.44630444,0.443309676,0.37791343,0.466194969,0.633079085,0.419722321,0.349664215,0.376282132,0.543415983,0.317505241,0.5026652,0.497049661,0.586494538,0.417997097,0.43838012,0.617565927,0.450598046,0.447099704,0.587399351,0.497036378,0.690491419,0.597217954,0.469558001,0.403413051,0.380963999,0.288473101,0.712468251,0.24048386,0.37956143,0.572500282,0.418867925,0.313207547,0.456603774
1AVZ,4.9,GSLEAQEEEEVGFPVTPQVPLRPMTYKAAVDLSHFLKEKGGLEGLIHSQRRQDILDLWIYHTQGYFPDWQNYTPGPGVRYPLTFGWCYKLVPVEPDKVEEANKGENTSLLHPVSLHGMDDPEREVLEWRFDSRLAFHHVARELHPEYFKNCTLFVALYDYEARTEDDLSFHKGEKFQILNSSEGDWWEARSLTTGETGYIPSNYVAPV,0.407965438,0.359811773,0.368260348,0.30270895,0.414815394,0.757305807,0.452668456,0.650971043,0.450420673,0.404097108,0.671552233,0.59375,0.436683599,0.553243398,0.470693535,0.453296703,0.476843684,0.41525264,0.417067308,0.615384615,0.457910015,0.344621904,0.403442824,0.523535038,0.400373932,0.43980683,0.473207121,0.541751012,0.43743276,0.445309568,0.568007057,0.392765925,0.433702001,0.612429569,0.520108799,0.734449696,0.621392926,0.454404825,0.41772293,0.377631797,0.315283209,0.666841947,0.286970651,0.430901207,0.519501382,0.419230769,0.304807692,0.3625
1AYE,6.8,LETFVGDQVLEIVPSNEEQIKNLLQLEAQEHLQLDFWKSPTTPGETAHVRVPFVNVQAVKVFLESQGIAYSIMIEDVQVLLDKENEEMLFNRRRERSGNFNFGAYHTLEEISQEMDNLVAEHPGLVSKVNIGSSFENRPMNVLKFSTGGDKPAIWLDAGIHAREWVTQATALWTANKIVSDYGKDPSITSILDALDIFLLPVTNPDGYVFSQTKNRMWRKTRSKVSGSLCVGVDPNRNWDAGFGGPGASSNPCSDSYHGPSANSEVEVKSIVDFIKSHGKVKAFIILHSYSQLLMFPYGYKCTKLDDFDELSEVAQKAAQSLRSLHGTKYKVGPICSVIYQASGGSIDWSYDYGIKYSFAFELRDTGRYGFLLPARQILPTAEETWLGLKAIMEHVRDHPY,0.417254078,0.346468047,0.389470896,0.256016209,0.414458222,0.742041954,0.425892633,0.641144256,0.45007793,0.386096245,0.684095388,0.612998753,0.440031995,0.568950757,0.466281106,0.476984231,0.474227276,0.40501687,0.403418537,0.609009391,0.482002541,0.361426941,0.41274331,0.528469402,0.359379329,0.446003825,0.454304087,0.538023363,0.458896465,0.473207226,0.548827128,0.373260487,0.426913331,0.632602411,0.502650322,0.750933401,0.639719918,0.444658031,0.417603126,0.352455786,0.293908628,0.67986584,0.270134768,0.420826277,0.527283587,0.39127182,0.268329177,0.355610973
1BDD,11.75,TADNKFNKEQQNAFYEILHLPNLNEEQRNGFIQSLKDDPSQSANLLAEAKKLNDAQAPKA,0.40626935,0.294827586,0.301616628,0.292403846,0.409929078,0.754084967,0.429586563,0.625974739,0.394166667,0.387573478,0.629369139,0.60625,0.319496855,0.468159204,0.529078014,0.403007519,0.494189602,0.398366013,0.392708333,0.664539007,0.389308176,0.276412429,0.298713647,0.556195462,0.42462963,0.490358744,0.444759587,0.634385965,0.332750583,0.390081301,0.553192008,0.44453125,0.380290792,0.608014862,0.491389578,0.720974576,0.64771987,0.391859568,0.332577495,0.360775862,0.252617602,0.752423878,0.23670151,0.378921569,0.572215569,0.395,0.296666667,0.393333333
1BRS,3.4,AQVINTFDGVADYLQTYHKLPDNYITKSEAQALGWVASKGNLADVAPGKSIGGDIFSNREGKLPGKSGRTWREADINYTSGFRNSDRILYSSDWLIYKTTDHYQTFTKIRKKAVINGEQIRSISDLHQTLKKELALPEYYGENLDALWDALTGWVEYPLVLEWRQFEQSKQLTENGAESVLQVFREAKAEGADITIILS,0.408944879,0.335697053,0.379785765,0.272025512,0.418569695,0.74593556,0.433407347,0.63563286,0.433856784,0.390895224,0.671708928,0.594011725,0.42410164,0.543388585,0.478616487,0.475195527,0.471624176,0.395901074,0.413944724,0.629102962,0.457950128,0.344110382,0.395534721,0.541950591,0.365131212,0.436983122,0.461092468,0.552340651,0.443036863,0.459725457,0.555794322,0.391539169,0.421461102,0.608248248,0.489058194,0.731425489,0.621686063,0.44770147,0.403948404,0.368379253,0.292120695,0.695889302,0.255300895,0.403962773,0.544837962,0.401005025,0.286432161,0.370854271
1C8C,6.91,GTGATCGCMATVKFKYKGEEKQVDISKIKKVWRVGKMISFTYDEGGGKTGRGAVSEKDAPKELLQMLAKQKK,0.409087977,0.320070734,0.341416474,0.330045406,0.473560701,0.781454248,0.402670112,0.591341754,0.352777778,0.381136191,0.634803922,0.607638889,0.385220126,0.522595357,0.495567376,0.444340017,0.471839959,0.400462963,0.414351852,0.678486998,0.436582809,0.304755179,0.370572334,0.535994764,0.314583333,0.47926009,0.436251297,0.551900585,0.412830225,0.412059621,0.554611355,0.437375992,0.387138754,0.658771231,0.505734767,0.772167294,0.680721438,0.39528678,0.373828733,0.322876756,0.25515301,0.716696715,0.255855594,0.409041394,0.537990685,0.361111111,0.191666667,0.394444444
1C9O,7.2,MQRGKVKWFNNEKGYGFIEVEGGSDVFVHFTAIQGEGFKTLEEGQEVSFEIVQGNRGPQAANVVKL,0.388826344,0.313037537,0.385996221,0.262310606,0.424697539,0.766934046,0.416373033,0.608065831,0.415530303,0.37031614,0.665349144,0.599747475,0.434819897,0.555857078,0.488878143,0.480291638,0.447178204,0.383838384,0.405934343,0.611540941,0.477987421,0.387878788,0.400701647,0.546089164,0.340572391,0.474860715,0.439843999,0.546251994,0.449141767,0.448928307,0.537114567,0.383539637,0.406545259,0.646641575,0.545567336,0.754622496,0.667604383,0.405618687,0.378702953,0.349747475,0.276038074,0.706111597,0.294213916,0.42285151,0.532661949,0.384848485,0.284848485,0.36969697
1CIS,3.87,MKTEWPELVGKSVEEAKKVILQDKPEAQIIVLEKQAVDNAYAEYRIDRVRLAVDKLDNIAQVPRVG,0.416045126,0.369745197,0.397543565,0.346829837,0.441802253,0.753416518,0.43810195,0.687600885,0.42282197,0.400989676,0.658916531,0.574179293,0.412807318,0.520578924,0.56592521,0.478582821,0.385043091,0.320707071,0.438131313,0.619922631,0.439393939,0.38220339,0.406650397,0.588449944,0.394107744,0.486411197,0.482087917,0.585326954,0.429646111,0.438026608,0.593589403,0.429552219,0.435844715,0.649585022,0.525686142,0.734998288,0.64908038,0.449389731,0.423207875,0.31474225,0.245424656,0.725287733,0.216239046,0.371590234,0.574850299,0.4,0.296969697,0.409090909
1COA,3.87,MKTEWPELVGKSVEEAKKVILQDKPEAQIIVLPVGTIVTMEYRIDRVRLFVDKLDNVAEVPRVG,0.412865228,0.392697281,0.421983256,0.32632512,0.442682259,0.745557598,0.437984496,0.713567408,0.458300781,0.391929226,0.678588555,0.579101563,0.455778302,0.557369403,0.537234043,0.506343985,0.373709862,0.327818627,0.443359375,0.584773936,0.472582547,0.421636653,0.444211409,0.575507199,0.3765625,0.463214686,0.49110713,0.543914474,0.470498252,0.451905488,0.597427814,0.408743722,0.454740509,0.686853105,0.548991935,0.757569739,0.666361292,0.466724537,0.469442675,0.286278736,0.246016692,0.700664814,0.228604094,0.386586453,0.558982036,0.3984375,0.2875,0.4
1CSP,6.98,MLEGKVKWFNSEKGFGFIEVEGQDDVFVHFSAIQGEGFKTLEEGQAVSFEIVEGNRGPQAANVTKEA,0.380758745,0.312720219,0.373961601,0.284477612,0.407505651,0.769388352,0.407265996,0.601563845,0.407462687,0.367589515,0.68038325,0.620024876,0.419881723,0.558921809,0.531120991,0.449107844,0.42859099,0.366988586,0.391791045,0.609082248,0.480146438,0.390159373,0.383802464,0.567164179,0.384991708,0.476407202,0.42564003,0.566221524,0.424381589,0.433127048,0.524766518,0.381230011,0.394545849,0.658712805,0.573238028,0.763976727,0.685124864,0.385813986,0.368362012,0.34208269,0.277478314,0.697653559,0.302251807,0.438821933,0.513897578,0.376119403,0.271641791,0.358208955
1CUN (7-112),4.8,RDMDDEESWIKEKKLLVSSEDYGRDLTGVQNLRKKHKRLEAELAAHEPAIQSVLDTGKKLSDDNTIGKEEIQQRLAQFVDHWKELKQLAAARGQRLEESLEYQQF,0.374008551,0.305342933,0.331947652,0.407796703,0.440443411,0.765919701,0.460169804,0.63270835,0.370535714,0.404120341,0.619997564,0.568253968,0.365498652,0.479033404,0.569908815,0.417901898,0.433114897,0.354715219,0.441071429,0.652684904,0.395148248,0.318773204,0.343240652,0.587634006,0.386772487,0.511467008,0.480361046,0.633784461,0.354212454,0.393449477,0.596985519,0.462840136,0.415647357,0.576948741,0.498419,0.6850417,0.606742154,0.434060847,0.35929633,0.384838533,0.276103765,0.735393773,0.226978596,0.372803667,0.576948959,0.420952381,0.339047619,0.447619048
1CUN  (113-219),3.4,VANVEEEEAWINEKMTLVASEDYGDTLAAIQGLLKKHEAFETDFTVHKDRVNDVCANGEDLIKKNNHHVENITAKMKGLKGKVSDLEKAAAQRKAKLDENSA,0.385494445,0.298720549,0.347529774,0.378759427,0.425985914,0.76970396,0.416172671,0.62276168,0.351838235,0.385448795,0.650945289,0.621936275,0.362190159,0.514632719,0.569044639,0.422600619,0.428584278,0.352172241,0.401348039,0.623696287,0.43081761,0.328481223,0.345242795,0.591007083,0.387636166,0.508441045,0.434207758,0.620536636,0.382181544,0.409971306,0.548869109,0.428571429,0.38718363,0.637395404,0.5296745,0.739849895,0.666986013,0.393495824,0.356065942,0.334657426,0.250721533,0.733738688,0.237480358,0.392453951,0.554103558,0.37745098,0.260784314,0.390196078
1D6O,1.6,GVQVETISPGDGRTFPKRGQTCVVHYTGMLEDGKKFDSSRDRNKPFKFMLGKQEVIRGWEEGVAQMSVGQRAKLTISPDYAYGATGHPGIIPPHATLVFDVELLKLE,0.440822025,0.336845237,0.369407092,0.283858735,0.436936357,0.746014294,0.412156778,0.61997362,0.430724299,0.36995326,0.669837703,0.609423676,0.434843943,0.562840006,0.451779678,0.463705994,0.481694247,0.425142019,0.39953271,0.635911712,0.469053077,0.345715191,0.405789375,0.504868621,0.357580478,0.441347806,0.445035662,0.514608952,0.44928436,0.445566446,0.542049243,0.389300317,0.407825404,0.657092684,0.509324923,0.757048947,0.665743249,0.424779335,0.408221918,0.328271028,0.267291138,0.701923077,0.265199127,0.411006714,0.538675919,0.376635514,0.259813084,0.357009346
1DIV,6.58,MKVIFLKDVKGKGKKGEIKNVADGYANNFLFKQGLAIEATPANLKALEAQKQKEQRQAAEELANAKKLKEQLEKLTVTIPAKAGEGGRLFGSITSKQIAESLQAQHGLKLDKRKIELADAIRALGYTNVPVKLHPEVTATLKVHVTEQK,0.417967046,0.324906984,0.359099152,0.314819308,0.465875969,0.777997105,0.404817647,0.640639224,0.407592282,0.380634594,0.640673544,0.621085011,0.373939471,0.522287889,0.557189776,0.45026997,0.405085894,0.346032373,0.409815436,0.632728831,0.441053565,0.333318166,0.371199496,0.60230507,0.348545861,0.504017817,0.451857339,0.613705404,0.394987563,0.417531511,0.559568664,0.432683665,0.39604363,0.676046253,0.526804004,0.768143556,0.685146726,0.410965076,0.399100586,0.295147728,0.224913689,0.741578472,0.226504221,0.377101054,0.570976168,0.370469799,0.24966443,0.391946309
1DKT,4.5,MSHKQIYYSDKYDDEEFEYRHVMLPKDIAKLVPKTHLMSESEWRNLGVQQSQGWVHYMIHEPEPHILLFRRPLPKKPKK,0.389024964,0.403787395,0.349519104,0.382246835,0.464061089,0.724869695,0.503189088,0.686324804,0.455537975,0.43650796,0.630256726,0.543512658,0.415810843,0.499905536,0.49798007,0.446178738,0.461270468,0.397244974,0.478111814,0.618098573,0.414616671,0.331216477,0.374819472,0.520776725,0.36350211,0.493614123,0.532821354,0.569487009,0.401699566,0.428033344,0.652204086,0.460330018,0.477771416,0.590079013,0.488821183,0.721715655,0.581632513,0.506680731,0.45728614,0.392623309,0.330775437,0.654713364,0.274379218,0.416367698,0.534798757,0.462025316,0.293670886,0.437974684
1E0G,7,DSITYRVRKGDSLSSIAKRHGVNIKDVMRWNSDTANLQPGDKLTLFVK,0.436484133,0.320512821,0.367061201,0.316911058,0.449207343,0.726102941,0.431524548,0.634392733,0.400651042,0.377081864,0.650468883,0.575954861,0.41745283,0.524253731,0.43572695,0.483239348,0.512614679,0.42749183,0.426649306,0.638741135,0.441823899,0.331497175,0.381711409,0.504363002,0.30625,0.45142003,0.465767601,0.522587719,0.445221445,0.459705285,0.565637183,0.413690476,0.416616182,0.605128715,0.426540529,0.71224694,0.614662505,0.458140432,0.407234607,0.35784842,0.269552984,0.723106971,0.222851336,0.371769162,0.577095808,0.39375,0.270833333,0.4
1E0L,10.1,GATAVSEWTEYKTADGKTYYYNNRTLESTWEKPQELK,0.372583884,0.302315578,0.302353161,0.304261954,0.427798261,0.813195548,0.466792374,0.627721626,0.377702703,0.412865958,0.608350038,0.559121622,0.372768995,0.478822106,0.47239793,0.438325544,0.502355567,0.423158453,0.431306306,0.69292697,0.35645079,0.242601924,0.32577544,0.522994198,0.418918919,0.41085929,0.46602424,0.53086771,0.388111888,0.384838497,0.577011222,0.458826014,0.395930664,0.524315717,0.492374757,0.691899527,0.56736215,0.441504004,0.349939749,0.445945946,0.340339581,0.683601871,0.259158113,0.416052416,0.529826833,0.432432432,0.281081081,0.378378378
1E0M,8.9,SMGLPPGWDEYKTHNGKTYYYNHNTKTSTWTDPRMSS,0.425424651,0.306903721,0.277885276,0.258913721,0.422927308,0.764440911,0.465325791,0.597488757,0.404898649,0.389435756,0.624040921,0.571509009,0.394696583,0.50383219,0.328349626,0.43446454,0.6402182,0.546369899,0.413851351,0.70040253,0.372768995,0.209161704,0.316887357,0.399320787,0.372372372,0.371106533,0.456476445,0.444096728,0.414099414,0.416875412,0.561146673,0.430803571,0.398310265,0.524746084,0.421916706,0.707970683,0.560671421,0.456393894,0.368545361,0.454411308,0.357318624,0.663656445,0.280252378,0.43052946,0.517818417,0.427027027,0.227027027,0.345945946
1EBD,9.68,AIETETLVVGAGPGGYVAAIRAAQLGQKVTIVEKGNLGGVCLNVGCIPSKALISASHRYEQAKHSEEMGIKAENVTIDFAKVQEWKASVVKKLTGGVEGLLKGNKVEIVKGEAYFVDANTVRVVNGDSAQTYTFKNAIIATGSRPIELPNFKFSNRILDSTGALNLGEVPKSLVVIGGGYIGIELGTAYANFGTKVTILEGAGEILSGFEKQMAAIIKKRLKKKGVEVVTNALAKGAEEREDGVTVTYEANGETKTIDADYVLVTVGRRPNTDELGLEQIGIKMTNRGLIEVDQQCRTSVPNIFAIGDIVPGPALAHKASYEGKVAAEAIAGHPSAVDYVAIPAVVFSDPECASVGYFEQQAKDEGIDVIAAKFPFAANGRALALNDTDGFLKLVVRKEDGVIIGAQIIGPNASDMIAELGLAIEAGMTAEDIALTIHAHPTLGEIAMEAAEVALIAMPSVRKYAREKGVDIRLVQGTGKNGRVLKEDIDAFLAGG,0.448427981,0.331479422,0.414125941,0.243734104,0.42243833,0.750158128,0.372093023,0.618699182,0.431628024,0.35651542,0.699674119,0.653687836,0.438565125,0.59791767,0.502916953,0.478489571,0.427363865,0.373537318,0.369623656,0.609728895,0.510156726,0.38179333,0.429753464,0.562141108,0.35719086,0.447011066,0.413685402,0.547134975,0.477315024,0.478584776,0.505525196,0.352417555,0.39441542,0.696774836,0.543424318,0.7858347,0.703136493,0.402745109,0.408466715,0.283657189,0.23337076,0.718485868,0.244021861,0.401779297,0.54373672,0.339314516,0.234274194,0.325
1EHB,3,AVKYYTLEEIQKHNNSKSTWLILHYKVYDLTKFLEEHPGGEEVLREQAGGDATENFEDVGHSTDARELSKTFIIGELHPDDR,0.361370158,0.32076082,0.349349406,0.37679409,0.416572545,0.740196078,0.449896011,0.631742141,0.396036585,0.390932082,0.656259747,0.588668699,0.400138058,0.520749909,0.503762325,0.435264992,0.459834415,0.398613104,0.415650407,0.624805397,0.432811781,0.33222406,0.367163202,0.546992721,0.388888889,0.465055234,0.462698628,0.567522465,0.405381204,0.413236169,0.567715019,0.42058199,0.413550573,0.594104396,0.524148157,0.712140003,0.616866608,0.437415312,0.384968153,0.384058733,0.301704356,0.69378811,0.262173876,0.411221251,0.537403242,0.415853659,0.312195122,0.390243902
1ENH,10.53,RPRTAFSSEQLARLKREFNENRYLTERRRQQLSSELGLNEAQIKIWFQNKRAKI,0.417469327,0.308871205,0.351210333,0.36110755,0.509131785,0.705519245,0.502871088,0.65145321,0.395717593,0.443011904,0.537273847,0.502700617,0.394828791,0.454671089,0.535657998,0.448482317,0.424736663,0.366194626,0.497685185,0.636327817,0.3721174,0.305869429,0.34414616,0.561469847,0.324794239,0.524165421,0.534812828,0.638206628,0.381054131,0.428771454,0.651058588,0.492228836,0.454376832,0.506280962,0.445538094,0.614380624,0.526883018,0.501586077,0.382042935,0.445136228,0.305443152,0.739316239,0.218479804,0.341816861,0.615768463,0.462962963,0.418518519,0.503703704
1FEX,8.2,GRIAFTDADDVAILTYVKENARSPSSVTGNALWKAMEKSSLTQHSWQSLKDRYLKHLRG,0.441307656,0.309805332,0.363643481,0.293872229,0.445175113,0.771518777,0.42845881,0.621794693,0.414194915,0.389806597,0.649616368,0.606638418,0.413815158,0.544143688,0.485755499,0.461450236,0.479085679,0.398803589,0.415960452,0.631806708,0.445794691,0.318328067,0.379763394,0.546188659,0.334180791,0.466975754,0.456599999,0.563068689,0.427758682,0.465109549,0.554564377,0.402636955,0.412433942,0.590116593,0.451301678,0.719740496,0.607409043,0.45178123,0.395616971,0.378092733,0.29191636,0.704530639,0.239236993,0.391869845,0.555607429,0.393220339,0.26779661,0.376271186
1FGA,-1.4,PALPEDGGSGAFPPGHFKDPKRLYCKNGGFFLRIHPDGRVDGVREKSDPHIKLQLQAEERGVVSIKGVCANRYLAMKEDGRLLASKCVTDECFFFERLESNNYNTYRSRKYTSWYVALKRTGQYKLGSKTGPGQKAILFLPMSAKS,0.442242037,0.344100868,0.3573033,0.298352213,0.457583966,0.743956487,0.427365403,0.611631423,0.409546233,0.396852826,0.640594892,0.595605023,0.417420522,0.539153547,0.438429029,0.446235452,0.512441875,0.447152834,0.41152968,0.655931215,0.452571724,0.307487811,0.392801324,0.49748978,0.333866058,0.454327661,0.457892975,0.536842105,0.438380113,0.446642165,0.557773572,0.407679489,0.412142873,0.618619667,0.479537034,0.734550344,0.633208395,0.43821347,0.39891109,0.365277122,0.292156027,0.693237948,0.27084626,0.413455669,0.537380034,0.39109589,0.267123288,0.376712329
1FHT,4.6,AVPETRPNHTIYINNLNEKIKKDELKKSLYAIFSQFGQILDILVSRSLKMRGQAFVIFKEVSSATNALRSMQGFPFYDKPMRIQYAKTDSDIIAKMKGTFVERDRKREKRKPKSQE,0.406059838,0.359073447,0.36095405,0.330915119,0.47035087,0.69734618,0.461039829,0.658983317,0.425053879,0.410081727,0.623004674,0.549748563,0.402081978,0.493309315,0.503760088,0.466035779,0.445824106,0.38091616,0.459231322,0.632061629,0.420787248,0.332933957,0.362155751,0.52807366,0.336733716,0.484111644,0.500536973,0.569872958,0.411803714,0.429920101,0.617337165,0.452961438,0.445232856,0.60539754,0.468152648,0.712412332,0.607220413,0.47439735,0.427228201,0.366887138,0.292488619,0.694245275,0.245704674,0.392525662,0.556948173,0.420689655,0.282758621,0.439655172
1FKB,1.46,GVQVETISPGDGRTFPKRGQTCVVHYTGMLEDGKKFDSSRDRNKPFKFMLGKQEVIRGWEEGVAQMSVGQRAKLTISPDYAYGATGHPGIIPPHATLVFDVELLKLE,0.440822025,0.336845237,0.369407092,0.283858735,0.436936357,0.746014294,0.412156778,0.61997362,0.430724299,0.36995326,0.669837703,0.609423676,0.434843943,0.562840006,0.451779678,0.463705994,0.481694247,0.425142019,0.39953271,0.635911712,0.469053077,0.345715191,0.405789375,0.504868621,0.357580478,0.441347806,0.445035662,0.514608952,0.44928436,0.445566446,0.542049243,0.389300317,0.407825404,0.657092684,0.509324923,0.757048947,0.665743249,0.424779335,0.408221918,0.328271028,0.267291138,0.701923077,0.265199127,0.411006714,0.538675919,0.376635514,0.259813084,0.357009346
1FNF,-0.9,PLSPPTNLHLEANPDTGVLTVSWERSTTPDITGYRITTTPTNGQQGNSLEEVVHADQSSCTFDNLSPGLEYNVSVYTVKDDKESVPISDTIIPAVPPPTDLRFTNIGPDTMRVTWAPPPSIDLTNFLVRYSPVKNEEDVAELSISPSDNAVVLTNLLPGTEYVVSVSSVYEQHESTPLRGRQKTGLDSPTGIDFSDITANSFTVHWIAPRATITGYRIRHHPEHFSGRPREDRVPHSRNSITLTNLTPGTEYVVSIVALNGREESPLLIGQQSTVSDVPRDLEVVAATPTSLLISWDAPAVTVRYYRITYGETGGNSPVQEFTVPGSKSTATISGLKPGVDYTITVYAVTGRGDSPASSKPISINYRT,0.463069138,0.323506516,0.366898032,0.217729411,0.407214181,0.726475916,0.398297944,0.644478368,0.455893342,0.346917521,0.679792616,0.62256567,0.439807219,0.574910772,0.394715541,0.479384603,0.51660351,0.463501705,0.367470562,0.640437095,0.459495488,0.330420965,0.407098045,0.472655361,0.393961353,0.385954864,0.425525229,0.449141876,0.474279796,0.461910127,0.512585812,0.367991193,0.390617318,0.636397466,0.495493041,0.74257707,0.648420904,0.431624899,0.406705206,0.33229479,0.265160075,0.708507525,0.229415998,0.394295416,0.548971622,0.366032609,0.25923913,0.309782609
1G6P,6.3,MRGKVKWFDSKKGYGFITKDEGGDVFVHWSAIEMEGFKTLKEGQVVEFEIQEGKKGPQAAHVKVVE,0.373862464,0.351137368,0.365455945,0.358164336,0.448079038,0.775549614,0.432699084,0.620030619,0.393560606,0.389322332,0.665232892,0.58459596,0.419096627,0.533016735,0.530141844,0.456937799,0.427439533,0.362745098,0.434343434,0.622501612,0.458833619,0.380585516,0.383211308,0.560764715,0.350505051,0.49103139,0.460698782,0.554066986,0.420004238,0.421138211,0.57127193,0.422077922,0.416275028,0.658005211,0.547311828,0.771379045,0.670137861,0.416736813,0.402362478,0.342302334,0.2864648,0.683438957,0.301129765,0.437084751,0.515841045,0.398484848,0.239393939,0.393939394
1GM1,1,KPGDTFEVELAKTDGSLGISVTGGVNTSVRHGGIYVKAIIPKGAAESDGRIHKGDRVLAVNGVSLEGATHKQAVETLRNTGQVVHLLLEKGQVP,0.456944536,0.290704893,0.387646799,0.26792144,0.439219237,0.773466834,0.359970312,0.598875998,0.406183511,0.325805064,0.679735539,0.655141844,0.430951425,0.592092728,0.450543232,0.477043673,0.469353894,0.418544013,0.35660461,0.632412856,0.492372541,0.361630004,0.422925889,0.53993539,0.317375887,0.45052953,0.399280705,0.506606943,0.472325547,0.464997405,0.486422172,0.362378894,0.366204929,0.687169671,0.523457051,0.773665705,0.702046804,0.391105201,0.386450739,0.283198826,0.210885287,0.753784779,0.221587961,0.374530663,0.572697159,0.329787234,0.240425532,0.321276596
1HCD,1.3,MGNRAFKSHHGHFLSAEGEAVKTHHGHHDHHTHFHVENHGGKVALKTHCGKYLSIGDHKQVYLSHHLHGDHSLFHLEHHGGKVSIKGHHHHYISADHHGHVSTKEHHDHDTTFEEIII,0.375833027,0.28975408,0.365718088,0.454691982,0.458624128,0.680874045,0.439955328,0.579817385,0.382150424,0.388216493,0.661840565,0.640713277,0.42948513,0.579433342,0.460421926,0.440295654,0.474343026,0.431206381,0.40095339,0.537504508,0.500799488,0.342473427,0.380644978,0.51899015,0.267467043,0.576803223,0.443166626,0.56690455,0.434899846,0.486420008,0.545042868,0.383209746,0.415925084,0.601047177,0.48354292,0.746875898,0.618073575,0.444934871,0.39918385,0.398353789,0.322657596,0.672863022,0.31152188,0.436485997,0.520389729,0.410169492,0.262711864,0.354237288
1HDN,2.7,MFQQEVTITAPNGLHTRPAAQFVKEAKGFTSEITVTSNGKSASAKSLFKLQTLGLTQGTVVTISAEGEDEQKAVEHLVKLMAELE,0.407284648,0.283195506,0.369161799,0.24088914,0.422969889,0.790657439,0.387232102,0.633207352,0.433382353,0.355024135,0.668391756,0.659558824,0.405105438,0.574012291,0.54155194,0.467403804,0.397625472,0.348558247,0.377696078,0.600750939,0.469256382,0.352143569,0.388353731,0.591376655,0.371111111,0.480559219,0.419922628,0.576099071,0.42027972,0.433859397,0.520923633,0.38541229,0.387456049,0.673997752,0.549163626,0.773845131,0.690962509,0.395588235,0.387330086,0.303634212,0.245139695,0.716770362,0.242385735,0.405599245,0.538104967,0.351764706,0.244705882,0.345882353
1HRC,8.76,XGDVEKGKKIFVQKCAQCHTVEKGGKHKTGPNLHGLFGRKTGQAPGFTYTDANKNKGITWKEETLMEYLENPKKYIPGTKMIFAGIKKKTEREDLIAYLKKATNE,0.393077221,0.336589472,0.327078522,0.344940828,0.471635217,0.738782051,0.427996422,0.617876906,0.372235577,0.394176509,0.624040921,0.588341346,0.374455733,0.499425947,0.47606383,0.437969925,0.481298518,0.420625943,0.424278846,0.661211129,0.419085631,0.290335724,0.34925142,0.521143778,0.34150641,0.466798896,0.458281114,0.553947368,0.400719473,0.396904315,0.573633603,0.452996223,0.396421026,0.649911195,0.513051155,0.762155041,0.666092458,0.413595085,0.389546791,0.334493811,0.264255282,0.711804271,0.264272313,0.407831139,0.542618609,0.390384615,0.225,0.398076923
1HZ6,4.1,MHHHHHHAMEEVTIKANLIFANGSTQTAEFKGTFEKATSEAYAYADTLKKDNGEWTVDVADKGYTLNIKFAG,0.38997463,0.301318892,0.3607262,0.320576923,0.418248505,0.752042484,0.420865633,0.609150955,0.40234375,0.391765943,0.676612674,0.635706019,0.400157233,0.554519071,0.529255319,0.449770259,0.43361366,0.368327887,0.3984375,0.584810875,0.465146751,0.327330508,0.35598434,0.55919139,0.376234568,0.488041854,0.433471036,0.588888889,0.414918415,0.440650407,0.537087801,0.390407986,0.401678334,0.631413659,0.513854425,0.76247646,0.653335746,0.413901749,0.38638712,0.363605524,0.302615495,0.675397302,0.29418312,0.442142008,0.506769794,0.3875,0.236111111,0.344444444
1IDY,8.7,MEVKKTSWTEEEDRILYQAHKRLGNRWAEIAKLLPGRTDNAIKNHWNSTMRRKV,0.424793602,0.332891247,0.355401591,0.392293447,0.492467436,0.731118373,0.488659202,0.652032868,0.380902778,0.435374594,0.583877996,0.53587963,0.408455625,0.490049751,0.526004728,0.446672236,0.443255182,0.374546115,0.486496914,0.617021277,0.396226415,0.316352793,0.352597564,0.552840799,0.339300412,0.496429165,0.515413088,0.604288499,0.403975654,0.440560072,0.632364089,0.470899471,0.448468258,0.557590234,0.465076739,0.673807282,0.568041983,0.488425926,0.404600142,0.404560451,0.296226044,0.719974181,0.231965415,0.364791708,0.589487691,0.446296296,0.32962963,0.459259259
1IMQ,7.31,MELKHSISDYTEAEFLQLVTTICNADTSSEEELVKLVTHFEEMTEHPSGSDLIYYPKEGDDDSPSGIVNTVKQWRAANGKSGFKQG,0.375215998,0.302140522,0.340055857,0.305740161,0.394111826,0.751709986,0.419325762,0.614254882,0.395130814,0.367529897,0.671266282,0.622819767,0.395348837,0.54078445,0.482310737,0.43303025,0.489225517,0.418034656,0.382994186,0.643740722,0.440982887,0.322112732,0.364640237,0.524656033,0.397868217,0.446396913,0.426807489,0.535740514,0.410595219,0.420618264,0.534229226,0.39929402,0.391939362,0.610816916,0.525119741,0.736368414,0.642931091,0.406142334,0.362618871,0.367331596,0.293256167,0.693355881,0.258366421,0.422656801,0.520707422,0.381395349,0.255813953,0.358139535
1IO2,-0.25,MKIAGIDEAGRGPVIGPMVIAAVVVDENSLPKLEELKVRDSKKLTPKRREKLFNEILGVLDDYVILELPPDVIGSREGTLNEFEVENFAKALNSLKVKPDVIYADAADVDEERFARELGERLNFEAEVVAKHKADDIFPVVSAASILAKVTRDRAVEKLKEEYGEIGSGYPSDPRTRAFLENYYREHGEFPPIVRKGWKTLKKIAEKVESEKK,0.418512624,0.36749231,0.372919581,0.365929939,0.446884897,0.745466262,0.427630382,0.655196417,0.410534038,0.388181113,0.657144916,0.589201878,0.408362122,0.527993834,0.534312257,0.4379258,0.42387044,0.371628464,0.419796557,0.632803916,0.444503499,0.362624334,0.388600057,0.565199223,0.391497131,0.463399229,0.466522361,0.565109958,0.421829344,0.421664949,0.572660132,0.425417086,0.415644649,0.650855238,0.54210557,0.736459245,0.655171711,0.43824987,0.418773362,0.322763208,0.259583805,0.709552185,0.238422404,0.393186212,0.553428355,0.392488263,0.283568075,0.392488263
1JO8,2.5,PWATAEYDYDAAEDNELTFVENDKIINIEFVDDDWWLGELEKDGSKGLFPSNYVSLGN,0.365565282,0.361062837,0.356534204,0.310779178,0.34543179,0.759803922,0.444934509,0.635403056,0.415732759,0.393499112,0.722374107,0.595905172,0.406636304,0.532166752,0.488994864,0.430775214,0.514394179,0.412778905,0.39691092,0.635730007,0.454782043,0.355435418,0.368433233,0.533760607,0.466283525,0.390753054,0.448092589,0.551724138,0.415903062,0.426450799,0.539851785,0.378656096,0.412511838,0.613743685,0.532720116,0.741306254,0.639278895,0.418183269,0.381967933,0.380499405,0.316087594,0.667958389,0.296647843,0.446600897,0.50175511,0.413793103,0.286206897,0.348275862
1K0S,7.4,MKTLADALKEFEVLSFEIDEQALAFDVDNIEMVIEKSDITPVPKSRHFVEGVINLRGRIIPVVNLAKILGISFDEQKMKSIIVARTKDVEVGFLVDRVLGVLRITENQLDLTNVSDKFGKKSKGLVKTDGRLIIYLDIDKIIEEITVKEGV,0.379651652,0.378115833,0.431427129,0.321304126,0.425366145,0.702441241,0.426613276,0.690978321,0.451572848,0.380751881,0.702105317,0.593956954,0.451580657,0.564001186,0.527053685,0.509535428,0.38799441,0.334502013,0.430601545,0.569818233,0.502311633,0.43234931,0.43873061,0.578343331,0.341390728,0.462833724,0.478748209,0.559498083,0.475015051,0.464416088,0.580670772,0.38779417,0.451588227,0.690544987,0.534008184,0.761860665,0.671922975,0.460234241,0.4670553,0.286766385,0.250650695,0.693859845,0.237695272,0.396595483,0.548725066,0.388741722,0.278145695,0.402649007
1K85,1.4,HMAPTAPTNLASTAQTTSSITLSWTASTDNVGVTGYDVYNGTALATTVTGTTATISGLAADTSYTFTVKAKDAAGNVSAASNAVSVKT,0.490615325,0.232999759,0.373005459,0.105520105,0.382552054,0.806818182,0.321353066,0.592169637,0.436505682,0.311400509,0.714630319,0.719460227,0.422169811,0.630766621,0.430488395,0.50093985,0.485613011,0.42078877,0.30374053,0.622340426,0.493567753,0.302022342,0.395248627,0.520882913,0.382828283,0.384631064,0.343991023,0.470215311,0.483590273,0.482206208,0.420869883,0.311269785,0.330876414,0.673530689,0.484959395,0.796931176,0.704952621,0.365083123,0.362628836,0.298246473,0.241240171,0.718067089,0.227945835,0.412514179,0.523870441,0.292045455,0.161363636,0.222727273
1LMB,8.5,AATACCACTGGCGGTGATATTATATCACCGCCAGTGGTATSTKKKPLTQEQLEDARRLKAIYEKKKNELGLSQESVADKMGMGQSGVGALFNGINALNAYNAALLAKILKVSVEEFSPSIAREIYEMYEAVS,0.452886059,0.275259224,0.390317727,0.196054779,0.4177286,0.774064171,0.346605591,0.56670078,0.373958333,0.370850523,0.674862435,0.705176768,0.413522013,0.615106287,0.488072211,0.450330371,0.464623297,0.403371955,0.334280303,0.637169568,0.508862207,0.302786338,0.421064674,0.5447406,0.35256734,0.458656067,0.368109869,0.568181818,0.468425514,0.482280118,0.46846757,0.339911391,0.362749058,0.673036093,0.533276938,0.789676425,0.709192906,0.355324074,0.34075275,0.309691745,0.250482825,0.713150131,0.255384859,0.426787933,0.513926692,0.30530303,0.190909091,0.298484848
1M9S,4,MGETITVSTPIKQIFPDDAFAETIKDNLKKKSVTDAVTQNELNSIDQIIANNSDIKSVQGIQYLPNVTKLFLNGNKLTDIKPLTNLKNLGWLFLDENKIKDLSSLKDLKKLKSLSLEHNGISDINGLVHLPQLESLYLGNNKITDITVLSRLTKLDTLSLEDNQISDIVPLAGLTKLQNLYLSKNHISDLRALAGLKNLDVLELFSQECLNKPINHQSNLVVPNTVKNTDGSLVTPEIISDDGDYEKPNVKWHLPEFTNEVSFIFYQPVTIGKAKARFHGRVTQPLKEVYTVSYDVDGTVIKTKVEAGTRITAPKPPTKQGYVFKGWYTEKNGGHEWNFNTDYMSGNDFTLYAVFKAETTEKTVNLTRYVKYIRGNAGIYKLPREDNSLKQGTLASHRCKALTVDREARNGGKLWYRLKNIGWTKAENLSLDRYDKMEYDKGVTAYARVRNASGNSVWTKPYNTAGAKHVNKLSVYQGKNMRILREAKTPITTWYQFSIGGKVIGWVDTRALNTFYKQSMEKPTRLTRYVSANKAGESYYKVPVADNPVKRGTLAKYKNQKLIVDCQATIEGQLWYRIRTSSTFIGWTKAANLRAQKLEHHHHHH,0.408641865,0.337944187,0.373603344,0.272942467,0.436386392,0.740593097,0.434890127,0.656574128,0.43357438,0.389458875,0.657880831,0.592561983,0.416809605,0.53524115,0.452118868,0.488684521,0.482235196,0.410338681,0.419938017,0.619834711,0.450740683,0.332340664,0.392517611,0.527653498,0.335197429,0.445688026,0.468674517,0.540130492,0.447483095,0.453404556,0.566870862,0.405274129,0.42363583,0.626033058,0.477425917,0.741588458,0.630827074,0.454067187,0.42014676,0.348301985,0.277862777,0.701672759,0.245348,0.394832133,0.553802148,0.399834711,0.268760331,0.378842975
1MJC,5.24,SGKMTGIVKWFNADKGFGFITPDDGSKDVFVHFSAIQNDGYKSLDEGQKVSFTIESGAKGPAAGNVTSL,0.429173958,0.312151616,0.352880142,0.235044593,0.398940705,0.752912759,0.37220537,0.573255657,0.410235507,0.337320289,0.712109418,0.643719807,0.411812961,0.568678347,0.428461301,0.455486542,0.533439702,0.448991191,0.35718599,0.652173913,0.489198797,0.344657332,0.374282657,0.496092268,0.355555556,0.417170339,0.395181656,0.492295957,0.442789095,0.44969954,0.483091787,0.357466356,0.365842523,0.67453614,0.497586939,0.792188651,0.6999166,0.377281267,0.37428967,0.323005164,0.267148292,0.697899247,0.290511539,0.43885143,0.509954005,0.343478261,0.188405797,0.310144928
1N88,2,MKTAYDVILAPVLSEKAYAGFAEGKYTFWVHPKATKTEIKNAVETAFKVKVVKVNTLHVRGKKKRLGRYLGKRPDRKKAIVQVAPGQKIEALEGLI,0.438483617,0.375303935,0.391839877,0.320438702,0.493768252,0.770118464,0.422642119,0.669606901,0.433268229,0.401461713,0.644634484,0.590494792,0.421383648,0.538246269,0.523382092,0.491071429,0.396406728,0.348856209,0.440755208,0.613031915,0.456957547,0.356426554,0.408801734,0.577006981,0.320196759,0.487574738,0.480712713,0.562171053,0.449009324,0.445985772,0.585343567,0.428687686,0.427394655,0.67637009,0.509708437,0.773628766,0.663816504,0.456910687,0.455658174,0.302891523,0.254038632,0.701585036,0.245898664,0.393827986,0.555139721,0.389583333,0.235416667,0.3875
1NFI,1.8,YVEIIEQPKQRGMRFRYKCEGRSAGSIPGERSTDTTKTHPTIKINGYTGPGTVRISLVTKDPPHRPHPHELVGKDCRDGFYEAELCPDRCIHSFQNLGIQCVKKRDLEQAISQRIQTNNNPFQVPIEEQRGDYDLNAVRLCFQVTVRDPSGRPLRLPPVLPHPIFDNRAPNTAELKICRVNRNSGSCLGGDEIFLLCDKVQKEDIEVYFTGPGWEARGSFSQADVHRQVAIVFRTPPYADPSLQAPVRVSMQLRRPSDRELSEPMEFQYLPDTDDRHRIEEKRKRTYETFKSIMKKSPFSGSNLKIVRMDRTAGCVTGGEEIYLLCDKVQKDDIQIRFYEEEENGGVWEGFGDFSPTDVHRQFAIVFKTPKYKDINITKPASVFVQLRRKSDLETSEPKPFLYYPEIKLTEDGDSFLHLAIIHEEKALTMEVIRQVKGDLAFLNFQNNLQQTPLHLAVITNQPEIAEALLGAGCDPELRDFRGNTPLHLACEQGCLASVGVLTQSCTTPHLHSILKATNYNGHTCLHLASIHGYLGIVELLVSLGADVNAQEPCNGRTALHLAVDLQNPDLVSLLLKCGADVNRVTYQGYSPYQLTWGRPSTRIQQQLGQLTLENLQMLPE,0.427188496,0.339569531,0.379072717,0.282701288,0.428139845,0.711297401,0.432897677,0.64685221,0.434188808,0.394462107,0.657367253,0.599570585,0.431805062,0.552599322,0.453078425,0.469846113,0.478585885,0.420637176,0.407944176,0.619111248,0.464163097,0.337588362,0.411708762,0.505787827,0.368661657,0.453802994,0.461520471,0.540181371,0.450615407,0.458128118,0.560906762,0.392456364,0.426392889,0.628527032,0.49643535,0.730148658,0.637915449,0.442580664,0.406379683,0.349672386,0.279239027,0.700868249,0.254591055,0.402214817,0.5469544,0.39452496,0.301449275,0.374235105
1NYF,4.54,TGVTLFVALYDYEARTEDDLSFHKGEKFQILNSSEGDWWEARSLTTGETGYIPSNYVAPVDSIQAEE,0.38703156,0.318817055,0.366343801,0.27336969,0.380849196,0.764705882,0.4285549,0.62321834,0.426865672,0.379507354,0.689849983,0.609141791,0.425795551,0.556248608,0.481263893,0.45516777,0.4765165,0.405033655,0.390236318,0.632899333,0.455646297,0.342372881,0.388260042,0.534109557,0.419485904,0.412957633,0.437905347,0.529143755,0.437271684,0.441427011,0.531214541,0.375916178,0.405528898,0.593949045,0.522669531,0.725925457,0.621501612,0.427307905,0.379804164,0.389174816,0.316762168,0.674117394,0.274377243,0.432689494,0.512699973,0.397014925,0.289552239,0.340298507
1O6X,6.8,MRSLETFVGDQVLEIVPSNEEQIKNLLQLEAQEHLQLDFWKSPTTPGETAHVRVPFVNVQAVKVFLESQGIAYSIMIEDVQ,0.383967817,0.344500115,0.410629259,0.243209877,0.400052535,0.752481239,0.436883912,0.691825818,0.485108025,0.385795938,0.688516308,0.611111111,0.446773818,0.57195504,0.531783557,0.505058944,0.390531204,0.333454369,0.415895062,0.565537168,0.48427673,0.410650764,0.429530201,0.579018809,0.386419753,0.479322372,0.470966927,0.570630279,0.451782785,0.464920205,0.570852285,0.377204586,0.448213965,0.656109932,0.545470698,0.755405594,0.653932253,0.448531093,0.432400723,0.325972045,0.275089455,0.68781161,0.257409558,0.410433309,0.536896577,0.4,0.30617284,0.375308642
1PGB,6,MTYKLILNGKTLKGETTTEAVDAATAEKVFKQYANDNGVDGEWTYDDATKTFTVTE,0.372774768,0.281735506,0.339450676,0.287431319,0.390354014,0.794992997,0.412375415,0.63006982,0.387388393,0.372547949,0.679895871,0.617559524,0.384770889,0.529584222,0.503419453,0.469924812,0.451834862,0.37780112,0.391741071,0.632598784,0.425876011,0.302723971,0.350970757,0.545905011,0.42172619,0.416159513,0.424604751,0.543045113,0.411401099,0.390810105,0.526837928,0.405133929,0.379485922,0.635776843,0.514781992,0.751815981,0.665677835,0.393931878,0.366878981,0.346341338,0.2799832,0.696600275,0.261697362,0.42600904,0.517322498,0.376785714,0.242857143,0.342857143
1PKS,1.05,MSAEGYQYRALYDYKKEREEDIDLHLGDILTVNKGSLVALGFSDGQEARPEEIGWLNGYNETTGERGDFPGTYVEYIGR,0.391797625,0.318470268,0.363522086,0.318040409,0.405744522,0.759493671,0.435482288,0.591044008,0.396993671,0.379220029,0.664864515,0.585443038,0.420826367,0.536935575,0.458524104,0.438469592,0.506561375,0.434723256,0.401371308,0.669270132,0.44279914,0.323771723,0.388412199,0.51414938,0.378270042,0.413975138,0.447070851,0.540706196,0.436487563,0.428095091,0.544525872,0.394439421,0.407005992,0.580282996,0.514577379,0.702334978,0.610288762,0.431346695,0.368797871,0.396715408,0.305017191,0.69865202,0.262735412,0.409756538,0.539483059,0.401265823,0.318987342,0.374683544
1PNJ,1.1,GSMSAEGYQYRALYDYKKEREEDIDLHLGDILTVNKGSLVALGFSDGQEAKPEEIGWLNGYNETTGERGDFPGTYVEYIGRKKISP,0.396644827,0.324100919,0.348756646,0.314854651,0.414515237,0.758321933,0.424373535,0.587774415,0.392005814,0.370198328,0.662374353,0.592054264,0.406318561,0.529503645,0.449282533,0.429882847,0.520802219,0.447674419,0.394379845,0.686046512,0.436375603,0.313401655,0.376931481,0.50803604,0.371770026,0.412973198,0.439612511,0.526805386,0.427427224,0.42084515,0.539677683,0.403641507,0.39494496,0.595115538,0.514305499,0.719156484,0.624914779,0.42172696,0.368434306,0.380947608,0.293335568,0.704061382,0.257029414,0.408023463,0.539855173,0.390697674,0.28372093,0.369767442
1POH,2.7,MFQQEVTITAPNGLHTRPAAQFVKEAKGFTSEITVTSNGKSASAKSLFKLQTLGLTQGTVVTISAEGEDEQKAVEHLVKLMAELE,0.407284648,0.283195506,0.369161799,0.24088914,0.422969889,0.790657439,0.387232102,0.633207352,0.433382353,0.355024135,0.668391756,0.659558824,0.405105438,0.574012291,0.54155194,0.467403804,0.397625472,0.348558247,0.377696078,0.600750939,0.469256382,0.352143569,0.388353731,0.591376655,0.371111111,0.480559219,0.419922628,0.576099071,0.42027972,0.433859397,0.520923633,0.38541229,0.387456049,0.673997752,0.549163626,0.773845131,0.690962509,0.395588235,0.387330086,0.303634212,0.245139695,0.716770362,0.242385735,0.405599245,0.538104967,0.351764706,0.244705882,0.345882353
1PRB,13.8,TIDQWLLKNAKEDAIAELKKAGITSDFYFNAINKAKTVEEVNALKNEILKAHA,0.387318184,0.352835193,0.382631051,0.318976778,0.431836966,0.738808731,0.4219687,0.663796587,0.412735849,0.406705145,0.673068571,0.617924528,0.378070488,0.523514503,0.588518667,0.45736984,0.387571404,0.314835368,0.419418239,0.589723003,0.459238163,0.357818996,0.36317589,0.62106095,0.385115304,0.492089009,0.460594042,0.638927507,0.405594406,0.440082835,0.567720402,0.416357817,0.416618405,0.667948564,0.531242099,0.772465622,0.672792084,0.425532844,0.415416416,0.311862936,0.255876543,0.706481313,0.249096049,0.403306091,0.543576997,0.388679245,0.241509434,0.38490566
1PRS (1-88),3,MANITVFYNEDFQGKQVDLPPGNYTRAQLAALGIENNTISSVKVPPGVKAILYQNDGFAGDQIEVVANAEELGPLNNNVSSIRVISVP,0.450701872,0.33280082,0.402162503,0.171579983,0.392905905,0.739081996,0.385130374,0.642872298,0.464559659,0.349208046,0.699633806,0.636837121,0.431603774,0.578867028,0.441972921,0.495898838,0.485925771,0.414327094,0.362689394,0.618713733,0.49035163,0.372303544,0.417480171,0.518146121,0.374747475,0.421015084,0.419326762,0.513397129,0.479418309,0.482400222,0.506387892,0.348087459,0.398241298,0.675629705,0.518503271,0.773208783,0.684865759,0.410958544,0.402278518,0.300924112,0.23830011,0.724855223,0.239428255,0.39268352,0.554586282,0.353409091,0.254545455,0.315909091
1PRS (91-173),-2,PRARFFYKEQFDGKEVDLPPGQYTQAELERYGIDNNTISSVKPQGLAVVLFKNDNFSGDTLPVNSDAPTLGAMNNNTSSIRIS,0.439134246,0.315522035,0.345112552,0.228051437,0.402656936,0.731396173,0.411693285,0.622781075,0.433509036,0.359182321,0.667149416,0.604668675,0.401227552,0.53191872,0.418866957,0.45674427,0.535868244,0.457358847,0.379769076,0.657011023,0.440327347,0.315131713,0.365529231,0.480981518,0.387416332,0.412502026,0.433511116,0.508306912,0.429817171,0.436173964,0.526201296,0.389320676,0.390359499,0.623820121,0.480056205,0.73180859,0.646952631,0.416471441,0.377895787,0.352046115,0.270206776,0.716997799,0.249905546,0.399061487,0.549657312,0.378313253,0.274698795,0.346987952
1QTU,-0.36,GSMAGEDVGAPPDHLWVHQEGIYRDEYQRTWVAVVEEETSFLRARVQQIQVPLGDAARPSHLLTSQLPLMWQLYPEERYMDNNSRLWQIQHHLMVRGVQELLLKLLPDDRSPGIHRD,0.438814797,0.346527919,0.390793707,0.299133794,0.424205471,0.758840288,0.461207182,0.661278437,0.46832265,0.404412371,0.662928717,0.5877849,0.451862603,0.561296084,0.496272049,0.470663839,0.451736846,0.384364002,0.433226496,0.59992726,0.461054669,0.365131102,0.422245167,0.54195194,0.379012346,0.469012303,0.490132646,0.575708502,0.440260594,0.471377945,0.586044884,0.390768086,0.455269735,0.603516795,0.492027741,0.712250712,0.605501267,0.475328427,0.424330121,0.370677375,0.291797985,0.6984714,0.250722178,0.390237214,0.561758534,0.423076923,0.347008547,0.391452991
1RFA,7.7,ASNTIRVFLPNKQRTVVNVRNGMSLHDCLMKALKVRGLQPECCAVFRLLHEHKGKKARLDWNTDAASLIGEELQVDFLD,0.42346279,0.332740154,0.407168123,0.308064752,0.444653919,0.746711343,0.434599156,0.659492976,0.421281646,0.412126064,0.658098352,0.617088608,0.437544781,0.569620253,0.50740641,0.483582374,0.433747532,0.367460908,0.425632911,0.569889577,0.491282541,0.364235143,0.428808088,0.564318378,0.321308017,0.507294091,0.47171579,0.607728181,0.45494379,0.479962952,0.571822489,0.386245479,0.443089098,0.648411675,0.489820021,0.74048845,0.648552069,0.448810361,0.421159397,0.331823803,0.268483126,0.703322785,0.254840559,0.398305467,0.55236868,0.392405063,0.301265823,0.397468354
1RG8,1.3,HHHHHHFNLPPGNYKKPKLLYCSNGGHFLRILPDGTVDGTRDRSDQHIQLQLSAESVGEVYIKSTETGQYLAMDTDGLLYGSQTPNEECLFLERLEENHYNTYISKKHAEKNWFVGLKKNGSCKRGPRTHYGQKAILFLPLPVSSD,0.403818016,0.326986665,0.352130722,0.307942571,0.436701699,0.732205211,0.440692365,0.622960439,0.419178082,0.392377339,0.647706968,0.604023973,0.412768157,0.54038029,0.423783154,0.452363786,0.521993214,0.455815203,0.405964612,0.631011367,0.452054795,0.305676805,0.388112531,0.498278706,0.330136986,0.464924135,0.460475927,0.540879596,0.433255101,0.448880722,0.559420812,0.402435482,0.417509461,0.603023296,0.48060777,0.731667441,0.619056118,0.445712836,0.397577873,0.378877342,0.300262955,0.691624407,0.269175696,0.4113557,0.539742433,0.405479452,0.283561644,0.37260274
1RIS,5.9,MRRYEVNIVLNPNLDQSQLALEKEIIQRALENYGARVEKVEELGLRRLAYPIAKDPQGYFLWYQVEMPEDRVNDLARELRIRDNVRRVMVVKSQEPFLANA,0.424071974,0.361556845,0.40918757,0.322539985,0.450996914,0.745583382,0.47463351,0.686604575,0.448391089,0.423507693,0.629105366,0.550123762,0.43825892,0.524013595,0.536760059,0.481798556,0.406213098,0.344205009,0.462458746,0.602064462,0.438632542,0.372814231,0.416273507,0.569903064,0.362706271,0.487190872,0.514059681,0.609796769,0.442048051,0.457377445,0.620505472,0.424659653,0.46917737,0.59238822,0.498503796,0.682972535,0.589920556,0.492367987,0.431534338,0.371002618,0.283718205,0.711348058,0.227308794,0.368039745,0.583553685,0.433663366,0.376237624,0.43960396
1RYK,9.1,MNKDEAGGNWKQFKGKVKEQWGKLTDDDMTIIEGKRDQLVGKIQERYGYQKDQAEKEVVDWETRNEYRW,0.356474626,0.320109176,0.313585701,0.419152731,0.440260471,0.765558397,0.490394338,0.617052265,0.333333333,0.421322374,0.60754661,0.506944444,0.368881597,0.439108804,0.518809744,0.432058407,0.491158091,0.388036374,0.476147343,0.689793401,0.360131255,0.302824859,0.32127225,0.52932696,0.390096618,0.473711575,0.496138529,0.583981693,0.3606466,0.377306469,0.620264429,0.489195135,0.421788298,0.547816856,0.476448376,0.677106362,0.586382162,0.435118089,0.340515093,0.424683492,0.302445515,0.726623467,0.259405141,0.387274277,0.568567213,0.449275362,0.324637681,0.466666667
1SHF,4.5,VTLFVALYDYEARTEDDLSFHKGEKFQILNSSEGDWWEARSLTTGETGYIPSNYVAPVD,0.388308758,0.336870027,0.373311935,0.275638853,0.383148427,0.768361582,0.439495467,0.637049861,0.440254237,0.389981947,0.69599896,0.600635593,0.435881036,0.558057172,0.470068518,0.465910539,0.482351112,0.40777667,0.401483051,0.622791201,0.461464663,0.347055444,0.39728131,0.529594463,0.411393597,0.408831801,0.45206552,0.525958965,0.446841294,0.447995039,0.542261374,0.373600182,0.419347773,0.594218936,0.510249401,0.728262951,0.613758074,0.44420904,0.400397279,0.393239821,0.328515213,0.658776076,0.284769385,0.440164355,0.506282351,0.408474576,0.291525424,0.342372881
1SHG,1.41,MDETGKELVLALYDYQEKSPREVTMKKGDILTLLNSTNKDWWKVEVNDRQGFVPAAYVKKLD,0.378982323,0.353341319,0.354428965,0.33873139,0.423553636,0.800126502,0.457489372,0.673628457,0.415120968,0.403870513,0.662445343,0.573924731,0.397748022,0.508184882,0.512697323,0.466044143,0.459899379,0.373023403,0.442876344,0.635552505,0.420876446,0.335019136,0.377246157,0.559618308,0.380555556,0.452046868,0.486817649,0.572835314,0.407286262,0.408221873,0.595206093,0.435195853,0.433112721,0.62451202,0.497454575,0.736878075,0.631133761,0.45120221,0.416281077,0.351316277,0.285097166,0.692656638,0.249466112,0.403585188,0.543422832,0.417741935,0.277419355,0.409677419
1SRL,4.04,GALAGGVTTFVALYDYESRTETDLSFKKGERLQIVNNTEGDWWLAHSLTTGQTGYIPSNYVAPS,0.428720008,0.302718833,0.379294169,0.197755409,0.397449937,0.786764706,0.402737403,0.613347748,0.447265625,0.362846814,0.691496164,0.634114583,0.443396226,0.587453358,0.426529255,0.486959586,0.502006881,0.432291667,0.374348958,0.629321809,0.478478774,0.331170551,0.411860319,0.518897251,0.36640625,0.395109305,0.423455196,0.503125,0.472792832,0.469855183,0.504397387,0.349731445,0.394840468,0.619451632,0.497751241,0.750948976,0.639742807,0.425491898,0.392440287,0.362989404,0.29410091,0.688044621,0.26649608,0.421150847,0.525561377,0.3734375,0.2625,0.309375
1SS1,11.5,GSTADNKFNKEQQNAFWEILHLPNLNEEQRNGFIQSLKDDPSQSANLLAEAKKLNDAQAPKA,0.418418556,0.290750406,0.300268196,0.283641439,0.409503815,0.761543327,0.422355589,0.614329241,0.390423387,0.381643318,0.633446085,0.614247312,0.326232502,0.479297063,0.522134523,0.398011157,0.505918911,0.407179001,0.387432796,0.666094715,0.397139379,0.281711318,0.300876813,0.554973822,0.422849462,0.483292348,0.436450075,0.625636672,0.336228288,0.399409913,0.541289379,0.435807892,0.373325864,0.612415246,0.493388297,0.727446692,0.654180239,0.384483274,0.327072118,0.358245273,0.248898625,0.756397333,0.240193324,0.379851647,0.572146031,0.388709677,0.287096774,0.383870968
1ST7,8.5,VSQLFEEKAKAVNELPTKPSTDELLELYALYKQATVGDNDKEKPGIFNMKDRYKWEAWENLKGKSQEDAEKEYIALVDQLIAKYSS,0.366423069,0.348868053,0.329045599,0.347759392,0.422606747,0.791153671,0.45060393,0.651494834,0.39752907,0.405946008,0.646642479,0.582606589,0.359587538,0.484380423,0.550222662,0.422451478,0.452314914,0.367875057,0.427325581,0.665759525,0.398859149,0.309735909,0.342711097,0.578838427,0.413565891,0.467045573,0.472556707,0.60122399,0.367783379,0.388513897,0.587795798,0.452787583,0.412377428,0.605576952,0.523296209,0.732131126,0.62824786,0.429828811,0.383012887,0.3680834,0.290653562,0.697842129,0.248966858,0.407557103,0.537808105,0.413953488,0.269767442,0.406976744
1TIT,3.47,MHHHHHHSSLIEVEKPLYGVEVFVGETAHFEIELSEPDVHGQWKLKGQPLTASPDCEIIEDGKKHILILHNCQLGMTGEVSFQAANAKSAANLKVKEL,0.389816453,0.338494018,0.386270444,0.327505887,0.426783479,0.736394558,0.418762854,0.63866568,0.427997449,0.387791091,0.680228613,0.650510204,0.422603003,0.581328054,0.524207555,0.448135645,0.425201273,0.37394958,0.393707483,0.572514112,0.496726993,0.371860948,0.409259006,0.572336788,0.353741497,0.514322321,0.444214105,0.58839957,0.434815185,0.467371827,0.548700621,0.380534803,0.42137582,0.66567009,0.553233403,0.779488066,0.672206342,0.423469388,0.412814247,0.324038236,0.274225016,0.687647174,0.273590272,0.424224235,0.523829891,0.382653061,0.251020408,0.357142857
1TP3,3,GSPEFLGEEDIPREPRRIVIHRGSTGLGFNIVGGEDGEGIFISFILAGGPADLSGELRKGDQILSVNGVDLRNASHEQAAIALKNAGQTVTIIAQYKPEEYSRFEANSRVDSSGRIVTDKKETPV,0.44952322,0.313230769,0.376942263,0.282946154,0.425581977,0.710666667,0.387534884,0.592008786,0.40735,0.344487186,0.669831202,0.619,0.426113208,0.563223881,0.456765957,0.444451128,0.486825688,0.432862745,0.371666667,0.651744681,0.473358491,0.356894915,0.397342282,0.514429319,0.364488889,0.429704036,0.417394,0.515368421,0.452531469,0.456956098,0.509760234,0.376776786,0.381531502,0.643235669,0.522445658,0.732847458,0.664981542,0.406259259,0.376226242,0.327448276,0.243720789,0.738759615,0.23297561,0.382623886,0.56571018,0.356,0.2816,0.3488
1U4Q,11,MANKQQNFNTGIKDFDFWLSEVEALLASEDYGKDLASVNNLLKKHQLLEADISAHEDRLKDLNSQADSLMTSSAFDTSQVKDKRETINGRFQRIKSMAAARRAKLNESHRLHQFFRDMDDEESWIKEKKLLVSSEDYGRDLTGVQNLRKKHKRLEAELAAHEPAIQGVLDTGKKLSDDNTIGKEEIQQRLAQFVDHWKELKQLAAARGQRLEESLEYQQFVANVEEEEAWINEKMTLVASEDYGDTLAAIQGLLKKHEAFETDFTVHKDRVNDVCANGEDLIKKNNHHVENITAKMKGLKGKVSDLEKAAAQRKAKLDENSA,0.38628781,0.299322866,0.343013498,0.372385929,0.431607055,0.760900012,0.440030815,0.625487327,0.374087733,0.395779085,0.638305984,0.596273292,0.369682409,0.502039492,0.558741906,0.426399851,0.439597698,0.358878334,0.422166149,0.629972248,0.420602367,0.323986735,0.344345325,0.581932295,0.375931677,0.509400329,0.459815837,0.6286695,0.372334188,0.412286017,0.572307127,0.43717419,0.406972777,0.601871266,0.496957601,0.709833491,0.629827827,0.421073441,0.363063655,0.367360962,0.272024242,0.727305303,0.23907633,0.386961504,0.562104363,0.401242236,0.302484472,0.418012422
1UBQ,7.33,MQIFVKTLTGKTITLEVEPSDTIENVKAKIQDKEGIPPDQQRLIFAGKQLEDGRTLSDYNIQKESTLHLVLRLRGG,0.393667509,0.327167388,0.369970828,0.306032389,0.434292866,0.716331269,0.428906569,0.658667881,0.430838816,0.371459156,0.656380401,0.588267544,0.410377358,0.527101335,0.49006159,0.478037198,0.442177692,0.385319917,0.41995614,0.626819709,0.445630586,0.352809991,0.39305899,0.54422706,0.355994152,0.453268822,0.469519592,0.55567867,0.425193228,0.424454429,0.573811173,0.419686913,0.420882578,0.650771036,0.50724174,0.734035831,0.654551689,0.439449318,0.413922226,0.315373563,0.24242273,0.730705972,0.219878966,0.372736654,0.574676962,0.390789474,0.3,0.407894737
1URN,5.73,AAUCCAUUGCACUCCGGAUUUAVPETRPNHTIYINNLNEKIKKDELKKSLHAIFSRFGQILDILVSRSLKMRGQAFVIFKEVSSATNALRSMQGFPFYDKPMRIQYAKTDSDIIAKMK,0.431121524,0.357182116,0.409961925,0.257986833,0.444147527,0.685656244,0.41734758,0.632609545,0.422916667,0.416041247,0.667058363,0.623873874,0.43600204,0.573349469,0.48715737,0.479374111,0.450863708,0.386327504,0.411786787,0.596319724,0.50263471,0.346236067,0.421397908,0.523182869,0.325925926,0.486122894,0.453149752,0.576007587,0.471177471,0.496462316,0.561923766,0.377252252,0.438821697,0.652349802,0.48650437,0.764467858,0.655691522,0.439314314,0.419498479,0.336193953,0.289846751,0.672968642,0.274351006,0.42914037,0.517483951,0.373873874,0.230630631,0.374774775
1VII,11.52,MLSDEDFKAVFGMTRSAFANLPLWKQQNLKKEKGLF,0.393231854,0.360963749,0.356941237,0.281111111,0.438916701,0.79956427,0.455426357,0.657132833,0.460069444,0.419442485,0.666879795,0.604166667,0.400943396,0.531509121,0.555851064,0.449665831,0.433486239,0.347494553,0.450231481,0.588652482,0.463312369,0.353248588,0.365398956,0.591041303,0.353240741,0.494145491,0.495319778,0.64619883,0.383644134,0.425135501,0.598196881,0.416852679,0.449627535,0.661270347,0.501861042,0.77212806,0.657709012,0.447980967,0.438450106,0.342073755,0.300539538,0.661057692,0.307878436,0.443454149,0.509946773,0.416666667,0.261111111,0.416666667
1VIK,6.8,PQITLWQRPLVTIKIGGQLKEALLDTGADDTVLEEMNLPGRWKPKMIGGIGGFIKVRQYDQILIEICGHKAIGTVLVGPTPVNIIGRNLLTQIGCTLNF,0.441035744,0.378908448,0.44311475,0.199772727,0.425772114,0.694196871,0.40294417,0.666500258,0.491287879,0.374134004,0.710558268,0.627104377,0.483514389,0.612844867,0.43982377,0.526391737,0.447502548,0.397900574,0.403198653,0.577691812,0.538784067,0.409844205,0.476747339,0.528372733,0.326318743,0.414005526,0.460139845,0.525465178,0.518153564,0.507932988,0.54558007,0.342295725,0.44514613,0.724522293,0.52881169,0.800704788,0.701093454,0.447437336,0.470395677,0.261378149,0.22981714,0.70560169,0.250413543,0.396235078,0.553571645,0.366666667,0.260606061,0.351515152
1W4E,10.2,GSNRRVIAMPSVRKYAREKGVDIRLVQGTGKNGRVLKEDIDAWLAGG,0.492589421,0.314577572,0.392314874,0.320069558,0.481319735,0.754067584,0.401781296,0.590124668,0.377393617,0.365499197,0.634053436,0.584663121,0.437976716,0.549380756,0.457899502,0.46856503,0.485848136,0.418022528,0.415336879,0.662743323,0.458450422,0.348864046,0.411395116,0.522891835,0.292907801,0.454727602,0.445383871,0.532586786,0.467936319,0.473066943,0.541028991,0.402403116,0.397844842,0.626948096,0.46662795,0.712405337,0.640631136,0.434495666,0.387640602,0.332874786,0.230781649,0.763707038,0.210467789,0.34751773,0.605172633,0.365957447,0.289361702,0.391489362
1W4J,12.3,GSREVAAMPAARRLAKELGIDASKVKGTGPGGVITVEDVKRWAEETAKATA,0.514903175,0.296250065,0.363809265,0.310022624,0.466170949,0.80142253,0.352637179,0.578296777,0.369240196,0.348008096,0.651923173,0.656454248,0.402515723,0.573309921,0.547559449,0.418104084,0.420579241,0.372933487,0.365604575,0.664163538,0.456159822,0.329212363,0.38169496,0.575505595,0.390522876,0.456168117,0.392622418,0.554592363,0.426230632,0.439120038,0.491084738,0.395330007,0.347730368,0.681559885,0.540884542,0.763348842,0.706819101,0.372775962,0.362402897,0.284257381,0.206254277,0.762302036,0.212543554,0.372828632,0.571633204,0.319607843,0.219607843,0.325490196
1WIT,0.41,LKPKILTASRKIKIKAGFTHNLEVDFIGAPDPTATWTVGDSGAALAPELLVDAKSSTTSIFFPSAKRADSGNYKLKVKNELGEDEAIFEVIVQ,0.440094544,0.352642537,0.373239961,0.269036394,0.425410796,0.742567995,0.388347087,0.642049447,0.441397849,0.364868316,0.695569672,0.639336918,0.41063096,0.564275397,0.502173416,0.456382893,0.445496695,0.387307611,0.38172043,0.620910547,0.48001623,0.356843448,0.390524645,0.555930868,0.388769415,0.434543613,0.4314428,0.540124505,0.436686969,0.446446368,0.524193548,0.382836502,0.392794483,0.69252106,0.527073828,0.787467347,0.695270452,0.413331342,0.423532635,0.290461624,0.248054237,0.701057175,0.251208272,0.41256972,0.531813792,0.358064516,0.217204301,0.333333333
1YYJ,8.4,ADLEDNWETLNDNLKVIEKADNAAQVKDALTKMRAAALDAQKATPPKLEDKSPDSPEMKDFRHGFDILVGQIDDALKLANEGKVKEAQAAAEQLKTTIRAYNQKYG,0.426288043,0.313522847,0.323151336,0.34782656,0.416015302,0.773862375,0.412388474,0.624237149,0.379186321,0.383383095,0.660015442,0.61615566,0.342648629,0.495494227,0.563528703,0.408355795,0.45360914,0.365519793,0.395243711,0.66278603,0.409576362,0.299040614,0.326326453,0.572162402,0.437264151,0.474786361,0.437215322,0.619662363,0.353938514,0.389990796,0.546976719,0.435604784,0.380002743,0.646316548,0.503277307,0.742964503,0.675107041,0.389150943,0.356791251,0.323072544,0.238533226,0.743298712,0.229274867,0.384824942,0.561563665,0.375471698,0.260377358,0.381132075
256B,12.2,ADLEDNMETLNDNLKVIEKADNAAQVKDALTKMRAAALDAQKATPPKLEDKSPDSPEMKDFRHGFDILVGQIDDALKLANEGKVKEAQAAAEQLKTTRNAYHQKYR,0.425835329,0.304439217,0.316484378,0.366482221,0.423347581,0.772290048,0.417361416,0.623092226,0.371992925,0.385272993,0.648048063,0.613404088,0.335884656,0.488172346,0.570553994,0.402184707,0.449368184,0.363577506,0.39956761,0.661581694,0.3999644,0.289830508,0.317588958,0.570828806,0.431918239,0.490269904,0.440645513,0.629493545,0.343943792,0.382351588,0.554707326,0.445765246,0.38132106,0.637498498,0.496755466,0.732184735,0.667803659,0.391902516,0.352904699,0.32911787,0.239971941,0.746065403,0.224640063,0.380494736,0.565800475,0.378301887,0.267924528,0.39245283
2A3D,12.2,MGSWAEFKQRLAAIKTRLQALGGSEAELAAFEKEIAAFESELQAYKGKGNPEVEALRKEAAAIRDELQAYRHN,0.437656389,0.311289561,0.364959347,0.328100632,0.454935107,0.787805533,0.416268451,0.598436807,0.394691781,0.404430072,0.630101951,0.625,0.382527785,0.534859947,0.620518799,0.401998146,0.38004273,0.322052109,0.408675799,0.633634509,0.441457741,0.329881588,0.359933805,0.627124722,0.398630137,0.514097918,0.445434107,0.667483778,0.378963502,0.431673906,0.553212369,0.419413527,0.398964304,0.61547858,0.546517557,0.724634316,0.643835616,0.410990614,0.363109676,0.35917572,0.270106222,0.723475369,0.249582359,0.395990526,0.553326224,0.382191781,0.298630137,0.389041096
2ACY,0.92,AEGDTLISVDYEIFGKVQGVFFRKYTQAEGKKLGLVGWVQNTDQGTVQGQLQGPASKVRHMQEWLETKGSPKSHIDRASFHNEKVIVKLDYTDFQIVK,0.390069186,0.323580361,0.373238441,0.290068681,0.430052872,0.758503401,0.432368296,0.636244943,0.424298469,0.381730543,0.666188214,0.585034014,0.422795533,0.535028937,0.478397742,0.494015651,0.457779442,0.384353741,0.422193878,0.623317412,0.455333077,0.359287444,0.396212848,0.536969762,0.339229025,0.472545072,0.461507114,0.539312567,0.436777508,0.443827775,0.562149421,0.404302569,0.419298737,0.629565839,0.490899884,0.746353626,0.642834984,0.433602608,0.399303263,0.354415904,0.280751603,0.702413658,0.268079357,0.408035942,0.543712575,0.398979592,0.275510204,0.383673469
2BKF,6.2,GAMEPQVTLNVTFKNEIQSFLVSDPENTTWADIEAMVKVSFDLNTIQIKYLDEENEEVSINSQGEYEEALKMAVKQGNQLQMQVHEG,0.354649301,0.303362907,0.369780468,0.261454465,0.382000489,0.765156637,0.434554041,0.652357237,0.42579023,0.377532019,0.670664668,0.612068966,0.399262633,0.535940985,0.54108584,0.466770374,0.426552779,0.349109759,0.404214559,0.605527024,0.443504663,0.365166569,0.374141788,0.570259373,0.404853129,0.476779547,0.447413736,0.588505747,0.409854513,0.427726381,0.560244001,0.400297619,0.419772343,0.625613149,0.547554263,0.739171375,0.649756012,0.41310132,0.37167289,0.350971066,0.276359165,0.706537356,0.251071328,0.408506976,0.537270287,0.393103448,0.289655172,0.386206897
2CI2,3.9,SSVEKKPEGVNTGAGDRHNLKTEWPELVGKSVEEAKKVILQDKPEAQIIVLPVGTIVTMEYRIDRVRLFVDKLDNIAEVPRVG,0.423700996,0.356652072,0.386154317,0.336047266,0.444908545,0.742735648,0.419445223,0.670100501,0.417921687,0.371114366,0.660832589,0.588855422,0.426233235,0.540909908,0.501538067,0.473593623,0.428429314,0.37762816,0.416666667,0.624198923,0.451466242,0.380824995,0.41097275,0.550621334,0.372356091,0.455886326,0.461870929,0.526823082,0.44911113,0.436849838,0.566097724,0.415971923,0.415039804,0.667274192,0.537552692,0.745235178,0.666980626,0.436942213,0.423120252,0.299993076,0.234839205,0.729856928,0.218924478,0.373944978,0.572628238,0.38313253,0.279518072,0.385542169
2GA5,5.4,MESSTDGQVVPQEVLNLPLEKYHEEADDYLDHLLDSLEELSEAHPDCIPDVELSHGVMTLEIPAFGTYVINKQPPNKQIWLASPLSGPNRFDLLNGEWVSLRNGTKLTDILTEEVEKAISKSQ,0.396719021,0.342412284,0.36001427,0.289247967,0.390040396,0.756894628,0.424717968,0.658661595,0.44375,0.372303434,0.687397334,0.629065041,0.408498236,0.555151074,0.489188722,0.439452289,0.476542105,0.408895265,0.386009485,0.623594534,0.458045713,0.349249001,0.394609047,0.545353935,0.41504065,0.43723796,0.447790921,0.553359007,0.419608846,0.433591116,0.546551847,0.388891913,0.412696849,0.646807519,0.542125119,0.751756924,0.658448311,0.425380157,0.403372171,0.328263714,0.267614148,0.701395403,0.242571032,0.405330203,0.538698213,0.387804878,0.281300813,0.357723577
2J5A,7.3,MRHYKTLRYYETVFAVKPTLSEEEMKKKFEQVKEFIKQKGGEILYEEDWGMRQLAYPIQKFNNARYFLVQFKTENPQLPNELDFQLKIDEDVIRWLNIQIKESEVKKNAQ,0.340388404,0.379503255,0.364728113,0.348531469,0.449049949,0.730926916,0.502889359,0.695516949,0.438977273,0.442338029,0.623366659,0.524810606,0.401715266,0.475440977,0.546711799,0.4734108,0.408507089,0.340106952,0.488257576,0.60967118,0.407890223,0.351355932,0.367175107,0.566158972,0.373989899,0.496331023,0.533168362,0.610430622,0.395613477,0.408492239,0.654000532,0.467583198,0.474621824,0.59059062,0.511373788,0.709488957,0.591274307,0.486868687,0.43236132,0.392541797,0.320871844,0.670432692,0.275261324,0.412858532,0.539782254,0.462727273,0.329090909,0.463636364
2JMC,3.3,GAMGPREVTMKKGDILTLLNSTNKDWWKVEVNDRQGFVPAAYVKKLDSGTGKELVLALYDYQESGDNAPSYSPPPPP,0.463039283,0.351407213,0.32743469,0.252784715,0.414641679,0.797810033,0.406423034,0.628097877,0.434415584,0.361712588,0.676254692,0.617965368,0.395491301,0.537894941,0.426499033,0.432965531,0.547480043,0.465113318,0.379329004,0.688588008,0.430286694,0.298679287,0.372701124,0.49092269,0.408369408,0.394094695,0.434719165,0.497197539,0.418808464,0.419195439,0.528584719,0.400771104,0.384312779,0.65408636,0.500834649,0.768471641,0.669656077,0.4120671,0.395132765,0.323984923,0.259139192,0.710882867,0.248246527,0.404646156,0.541519558,0.372727273,0.225974026,0.32987013
2L6R,10.3,MVRQEELAAARAALHDLMTGKRVATVQKDGRRVEFTATSVSDLKKYIAELEVQTGMTQRRRG,0.450539299,0.270599812,0.382850332,0.341004963,0.474665913,0.782258065,0.427106777,0.623726772,0.390120968,0.390092762,0.612861975,0.594086022,0.420267803,0.541887338,0.565888813,0.470288625,0.378070435,0.327008223,0.435147849,0.612903226,0.4330493,0.335866594,0.390073609,0.582925182,0.336021505,0.51562274,0.462701012,0.611035654,0.420426348,0.438119591,0.573429542,0.425493232,0.417231226,0.601936511,0.480108861,0.687739202,0.619803159,0.442540323,0.381910828,0.355765666,0.257342503,0.740888648,0.211250983,0.361508826,0.586613869,0.383870968,0.329032258,0.419354839
2LLH,7,GSHMQESFKKQEKTPKTPKGPSSVEDIKAKMQASIEKGGSLPKVEAKFINYVKNCFRMTDQEAIQDLWQWRKSL,0.400886955,0.337515234,0.312964234,0.328180873,0.458732199,0.745098039,0.445631678,0.629472966,0.387668919,0.400509021,0.616679339,0.57545045,0.366394697,0.483259379,0.507906843,0.425523268,0.481775353,0.401695813,0.436092342,0.672225417,0.396481387,0.298007329,0.331217123,0.525399745,0.37042042,0.489395225,0.469634198,0.564438122,0.36992062,0.403526697,0.593587008,0.465416868,0.409596996,0.611981408,0.491261485,0.739425867,0.635179153,0.424361862,0.375765192,0.364903697,0.283127589,0.707656575,0.25539128,0.404429831,0.544181906,0.404054054,0.232432432,0.418918919
2MYO,4.8,MCDKEFMWALKNGDLDEVKDYVAKGEDVNRTLEGGRKPLHYAADCGQLEILEFLLLKGADINAPDKHHITPLLSAVYEGHVSCVKLLLSKGADKTVKGPDGLTALEATDNQAIKALLQ,0.413312693,0.339634941,0.379653188,0.311704694,0.412443521,0.779328681,0.400867166,0.633466432,0.414989407,0.382603307,0.698773245,0.653425141,0.405180684,0.570958765,0.515957447,0.446603798,0.455294666,0.382103689,0.38365113,0.615218175,0.489286856,0.34513071,0.410448186,0.573342799,0.370621469,0.466101695,0.435592042,0.597234612,0.428736518,0.444646548,0.532430122,0.377449682,0.405773391,0.686778042,0.526571897,0.782844968,0.694344762,0.406956215,0.406481701,0.296695402,0.248148196,0.70590572,0.253705782,0.411938427,0.533563382,0.363559322,0.245762712,0.354237288
2PTL,4.1,ENKEETPETPETDSEEEVTIKANLIFANGSTQTAEFKGTFEKATSEAYAYADTLKKDNGEYTVDVADKGYTLNIKFAG,0.367557752,0.283921649,0.306892876,0.320285996,0.393504701,0.765585721,0.407871199,0.606837607,0.362259615,0.365220327,0.654797036,0.615117521,0.3492985,0.499808649,0.518139662,0.410738384,0.466360856,0.401206637,0.374465812,0.672122204,0.397677794,0.283202955,0.313844433,0.540743724,0.456766382,0.425146602,0.411421796,0.548717949,0.372781065,0.363946216,0.521573699,0.429630266,0.356064372,0.615262126,0.549303302,0.73274301,0.661335226,0.373367759,0.331775274,0.361903183,0.279249835,0.710829635,0.25489145,0.421420083,0.521065561,0.374358974,0.251282051,0.348717949
2QJL,2.6,MVNVKVEFLGGLDAIFGKQRVHKIKMDKEDPVTVGDLIDHIVSTMINNPNDVSIFIEDDSIRPGIITLINDTDWELEGEKDYILEDGDIISFTSTLHGG,0.377224255,0.36411864,0.409895724,0.31224359,0.378313801,0.667161814,0.419309373,0.653720067,0.439962121,0.360641449,0.734222016,0.606902357,0.449971412,0.572440826,0.466903073,0.487354751,0.46705588,0.397702515,0.400042088,0.586073501,0.508290452,0.415562404,0.419158023,0.517478449,0.376599327,0.416089143,0.450113092,0.518022329,0.474606202,0.465385563,0.546960836,0.361392947,0.433078768,0.683121019,0.525758829,0.766036067,0.678171509,0.436120464,0.438134208,0.301346801,0.260863567,0.689806721,0.256502305,0.413754299,0.532135729,0.381818182,0.262626263,0.367676768
2VH7,0.84,MAEGNTLISVDYEIFGKVQGVFFRKHTQAEGKKLGLVGWVQNTDRGTVQGQLQGPISKVRHMQEWLETRGSPKSHIDKANFNNEKVILKLDYSDFQIVK,0.394095756,0.325590119,0.377283225,0.288531469,0.438679663,0.744602892,0.43747553,0.638354994,0.424368687,0.38395476,0.656307319,0.582070707,0.424433009,0.533996683,0.473995272,0.491683755,0.463534427,0.389978214,0.429292929,0.614442295,0.457594816,0.362694744,0.394244458,0.535723729,0.321268238,0.477193459,0.468841003,0.550451887,0.439464576,0.451268785,0.570677536,0.407118056,0.426575937,0.630042463,0.488888889,0.741297152,0.639522258,0.441358025,0.404959146,0.351721235,0.275049432,0.709280303,0.262520677,0.3986568,0.554466824,0.402020202,0.282828283,0.397979798
2VKN,2.1,DDNFIYKAKALYPYDADDDDAYEISFEQNEILQVSDIEGRWWKARRANGETGIIPSNYVQLIDGPEEMHRNKPLPPLPLAGS,0.431624254,0.373131914,0.351236411,0.308914165,0.395265423,0.709947394,0.44242768,0.63360389,0.43125,0.39340953,0.680993076,0.580030488,0.402208928,0.517109574,0.468474312,0.424628645,0.518012978,0.43448111,0.40421748,0.665542294,0.433271974,0.325403059,0.366917662,0.497126804,0.444715447,0.407688942,0.461327192,0.540949936,0.414122463,0.433551457,0.560520967,0.404643946,0.4169195,0.610513438,0.500593113,0.724765743,0.627843542,0.437866983,0.393963026,0.367255397,0.289786817,0.698522514,0.257882213,0.406243207,0.542646414,0.408536585,0.292682927,0.365853659
2WQG,8.5,GSADYSSLTVVQLKDLLTKRNLSVGGLKNEWVQRLIKDDEESKGESEVSPQ,0.387816427,0.285379934,0.33206539,0.316406486,0.418145231,0.809688581,0.412980696,0.620559701,0.376348039,0.350041263,0.646055865,0.606617647,0.37772845,0.514779046,0.47747184,0.43977591,0.506026264,0.419069589,0.390522876,0.685022945,0.41472438,0.320172815,0.369982892,0.555076481,0.350326797,0.455025059,0.434687922,0.542414861,0.397847251,0.411142994,0.538226694,0.423603817,0.37905857,0.599350568,0.497163431,0.713166057,0.633518554,0.409540668,0.350623205,0.354716024,0.251837305,0.748515271,0.202773792,0.366345112,0.577409886,0.376470588,0.282352941,0.392156863
2WXC,11.7,GSQNNDALSPAIRRLLAEWNLDASAIKGTGVGGRLTREDVEKHLAKA,0.48865358,0.282126531,0.36352022,0.300253682,0.446701995,0.778264497,0.379020287,0.581408391,0.38018617,0.355718867,0.650214943,0.645390071,0.39662786,0.559542712,0.503395201,0.42281235,0.479016201,0.408010013,0.371897163,0.652331372,0.459654757,0.321096286,0.378909039,0.567227359,0.351891253,0.460356836,0.412847547,0.587458007,0.420249963,0.45796575,0.501959686,0.386635638,0.365964321,0.639077111,0.494113299,0.729655007,0.66643565,0.397113869,0.357354655,0.320585718,0.218884189,0.772555237,0.207280006,0.354590966,0.594623519,0.346808511,0.280851064,0.353191489
2X7Z,0.74,GSKPVSEKIMEIKLIKGPKGLGFSIAGGVGNQHWPGDNSIYVTKIIEGGAAHKDGKLQIGDKLLAVNNVALEEVTHEEAVTALKNTSDFVYLKVAKPTS,0.430098196,0.337566648,0.379895957,0.263395493,0.432560903,0.760447613,0.375538329,0.618973924,0.421780303,0.346020753,0.691182929,0.649200337,0.413569659,0.573646917,0.472275951,0.464570517,0.469835974,0.407704496,0.371212121,0.63271008,0.488279017,0.361650402,0.404311572,0.549896875,0.33647587,0.445123885,0.416746443,0.526103137,0.454545455,0.457304755,0.511467009,0.376533189,0.383226449,0.700283086,0.537208311,0.800875992,0.706741684,0.400158997,0.409277488,0.279606409,0.228039117,0.72350913,0.241614754,0.398503754,0.547402165,0.344444444,0.2,0.331313131
3CI2,5.8,HNLKTEWPELVGKSVEEAKKVILQDKPEAQIIVLPVGTIVTMEYRIDRVRLFVDKLDNIAQVPRVG,0.413734872,0.38911663,0.422037931,0.318557692,0.444798422,0.726232917,0.440216115,0.713202869,0.462878788,0.3934727,0.67542432,0.576704545,0.452830189,0.55269109,0.519503546,0.512645249,0.386989158,0.338978015,0.442550505,0.581237911,0.474271012,0.41587057,0.44244458,0.569252737,0.363468013,0.467250985,0.49393548,0.546251994,0.471657131,0.461492979,0.59661306,0.406994048,0.455120674,0.680129319,0.532468607,0.754215888,0.659625572,0.471310325,0.468751206,0.291601358,0.244091139,0.708169435,0.226692007,0.378814887,0.568825984,0.403030303,0.296969697,0.4
3MEF,5.3,SGKMTGIVKWFNADKGFGFITPDDGSKDVFVHFSAIQNDGYKSLDEGQKVSFTIESGAKGPAAGNVTSL,0.429173958,0.312151616,0.352880142,0.235044593,0.398940705,0.752912759,0.37220537,0.573255657,0.410235507,0.337320289,0.712109418,0.643719807,0.411812961,0.568678347,0.428461301,0.455486542,0.533439702,0.448991191,0.35718599,0.652173913,0.489198797,0.344657332,0.374282657,0.496092268,0.355555556,0.417170339,0.395181656,0.492295957,0.442789095,0.44969954,0.483091787,0.357466356,0.365842523,0.67453614,0.497586939,0.792188651,0.6999166,0.377281267,0.37428967,0.323005164,0.267148292,0.697899247,0.290511539,0.43885143,0.509954005,0.343478261,0.188405797,0.310144928
3O49,1.7,HHHHHHFNLPPGNYKKPVLLKSTETGQYLRINPDGTVDGTRDRSDQHIQFQVSPEGGGEVLLKSTETGQYLRINPDGTVDGTRDRSDQHIQFQVSPEGGGEVLLKSTETGQYLRINPDGTVDGTRDRSDQHIQFQVSPEGGG,0.429135961,0.271416296,0.32153661,0.310785482,0.417467257,0.72279757,0.414401135,0.586780982,0.390625,0.341227236,0.645780051,0.593896714,0.401009833,0.524280008,0.38807312,0.444668008,0.557565577,0.490196078,0.377053991,0.677105184,0.423066702,0.297935068,0.363597694,0.455386771,0.364084507,0.433493337,0.425497351,0.483543365,0.417315079,0.418722089,0.520019974,0.405078911,0.372243965,0.598636404,0.470125467,0.705180234,0.635316787,0.404668753,0.343462815,0.369748664,0.258634508,0.750228535,0.237424547,0.375925786,0.57636839,0.381690141,0.309859155,0.35915493
3O4B,4.3,HHHHHHFNLPPGNYKKPVLLKSTETGQYLRINPDGTVDGTRDRSDTHIQFQISPEGNGEVLLKSTETGQYLRINPDGTVDGTRDRSDTHIQFQISPEGNGEVLLKSTETGQYLRINPDGTVDGTRDRSDTHIQFQISPEGNG,0.42310208,0.278925543,0.323829815,0.311386782,0.416171623,0.694835681,0.421607162,0.599044017,0.39471831,0.347123654,0.644915529,0.589055164,0.401009833,0.520496111,0.384477075,0.44673303,0.556596459,0.492060204,0.382775822,0.66541804,0.421870848,0.295929816,0.357429814,0.450630484,0.368896714,0.423356281,0.432765578,0.483320979,0.421082439,0.421246994,0.528452146,0.407908388,0.379377233,0.595877815,0.467892217,0.701271186,0.628274533,0.415672274,0.354658653,0.371023555,0.263347154,0.743829564,0.234332826,0.375718661,0.575634646,0.388028169,0.309859155,0.363380282
3O4D,4.9,HHHHHHFNLPPGNYKKPVLLKSTETGQYLRINPDGTVDGTRDRSDPHIQFQISPEGNGEVLLKSTETGQYLRINPDGTVDGTRDRSDPHIQFQISPEGNGEVLLKSTETGQYLRINPDGTVDGTRDRSDPHIQFQISPEGNG,0.436150961,0.294056114,0.318657906,0.31135428,0.417863879,0.692557305,0.420952069,0.600969905,0.401716549,0.347083914,0.645834084,0.588615023,0.398618124,0.518288838,0.378633503,0.436566769,0.567450575,0.503037835,0.380134977,0.674408151,0.419877757,0.294211029,0.356295491,0.442334636,0.379929577,0.418998295,0.434024872,0.477761305,0.417241209,0.41944349,0.529177992,0.409959759,0.378609297,0.603581681,0.472316779,0.707000477,0.633871634,0.414938706,0.358738674,0.364558038,0.259419949,0.744642132,0.23565785,0.375681002,0.576140676,0.388028169,0.305633803,0.35915493
3ZRT (3-93),1.3,MHHHHHPRGSMEYEEITLERGNSGLGFSIAGGTDNPHIGDDPSIFITKIIPGGAAAQDGRLRVNDSILFVNEVDVREVTHSAAVEALKEAGSI,0.450281301,0.308747611,0.388686086,0.303380893,0.416057707,0.697659709,0.386596649,0.587010564,0.413172043,0.345924066,0.690042076,0.646953405,0.438425644,0.593002728,0.467513155,0.441264451,0.476472329,0.425574531,0.363351254,0.608327614,0.500507202,0.369145252,0.401854658,0.516354219,0.360454002,0.453879165,0.40944818,0.528579513,0.460936913,0.47951744,0.501933597,0.354286674,0.389094446,0.653482638,0.525958537,0.749103943,0.671056472,0.408203903,0.386691323,0.325114325,0.253593747,0.721244313,0.249559777,0.399085734,0.54928852,0.353763441,0.264516129,0.329032258
3ZRT (97-189),0.3,YVMRRKPPAEKVMEIKLIKGPKGLGFSIAGGVGNQHIPGDNSIYVTKIIEGGAAHKDGRLQIGDKILAVNSVGLEDVMHEDAVAALKNTYDVV,0.448874796,0.351216451,0.407236336,0.279503722,0.435086869,0.737718743,0.382929066,0.61939263,0.428494624,0.352808517,0.69826472,0.635080645,0.436396835,0.582731504,0.474262183,0.477888269,0.459899379,0.397954881,0.383064516,0.622740792,0.50213025,0.381374157,0.425633254,0.536564769,0.327060932,0.450696755,0.427980704,0.530277306,0.476614783,0.475740886,0.524303591,0.367607527,0.404085674,0.699678104,0.52286347,0.788393779,0.698352655,0.417164476,0.423888775,0.278704734,0.227870511,0.722911497,0.238245101,0.39140935,0.55575301,0.348387097,0.221505376,0.344086022
