PDB,ln(kf),sequences,K°,Ht,Hp,P,pHi,pK',Mw,Bl,Rf,μ,Hnc,Esm,El,Et,Pα,Pβ,Pt,Pc,Ca,F,Pr,Ra,Ns,αn,αc,αm, V°,Nm,Nl,Hgm,ASAD,ASAN,ΔASA,ΔGh,GhD,GhN,ΔHh,-TΔSh,ΔCph,ΔGc,ΔHc,-TΔSc,ΔG,ΔH,-TΔS,V,s,f
1AEY,2.09,MDETGKELVLALYDYQEKSPREVTMKKGDILTLLNSTNKDWWKVEVNDRQGFVPAAYVKKLD,0.3789823229801261,0.35334131941473423,0.3544289652089697,0.3387313895781638,0.4235536355928781,0.8001265022137887,0.45748937234308584,0.6736284565375282,0.4151209677419355,0.4038705126552035,0.662445342793499,0.5739247311827957,0.39774802191113817,0.5081848820414058,0.5126973232669869,0.466044142614601,0.4598993785143533,0.3730234029095508,0.44287634408602156,0.6355525051475636,0.4208764455264759,0.33501913613996714,0.377246157176878,0.559618307718291,0.38055555555555537,0.45204686821929674,0.4868176486800024,0.572835314091681,0.40728626212497165,0.40822187254130593,0.5952060931899641,0.4351958525345621,0.43311272082964203,0.6245120197246764,0.4974545745617546,0.7368780754510662,0.6311337606388567,0.45120221027479085,0.4162810766385863,0.35131627734519827,0.2850971657937246,0.6926566377171218,0.24946611217264247,0.4035851877407854,0.5434228317558432,0.41774193548387106,0.2774193548387096,0.40967741935483853
1APS,1.48,STARPLKSVDYEVFGRVQGVCFRMYAEDEARKIGVVGWVKNTSKGTVTGQVQGPEEKVNSMKSWLSKVGSPSSRIDRTNFSNEKTISKLEYSNFSVRY,0.4200259050988815,0.30812537216478114,0.36093698449356654,0.2728473312401885,0.4510995887716788,0.7638055222088833,0.42714760322733736,0.6192437436259516,0.3933673469387757,0.3759699035974606,0.6276162638968626,0.5784438775510202,0.42452830188679225,0.5318306427048435,0.43280503690838,0.4789780573883686,0.5036510016850776,0.43207282913165246,0.41645408163265313,0.6578376031263572,0.43088178667693483,0.32609823590453096,0.3865566360772497,0.5000534245111663,0.315702947845805,0.45273176535188064,0.4491782804916125,0.4919441460794846,0.4539032396175253,0.452787456445993,0.5548096431555077,0.4140055575801749,0.40444594639148096,0.5808689717925386,0.4717526712918417,0.7103943272224144,0.6058299541314898,0.4417044595616025,0.3787365137137654,0.3889866291344124,0.29805518565544575,0.703738226059655,0.24536016497191215,0.397913710938921,0.549517291946719,0.38979591836734684,0.2612244897959181,0.3816326530612244
1AYE,6.8,LETFVGDQVLEIVPSNEEQIKNLLQLEAQEHLQLDFWKSPTTPGETAHVRVPFVNVQAVKVFLESQGIAYSIMIEDVQVLLDKENEEMLFNRRRERSGNFNFGAYHTLEEISQEMDNLVAEHPGLVSKVNIGSSFENRPMNVLKFSTGGDKPAIWLDAGIHAREWVTQATALWTANKIVSDYGKDPSITSILDALDIFLLPVTNPDGYVFSQTKNRMWRKTRSKVSGSLCVGVDPNRNWDAGFGGPGASSNPCSDSYHGPSANSEVEVKSIVDFIKSHGKVKAFIILHSYSQLLMFPYGYKCTKLDDFDELSEVAQKAAQSLRSLHGTKYKVGPICSVIYQASGGSIDWSYDYGIKYSFAFELRDTGRYGFLLPARQILPTAEETWLGLKAIMEHVRDHPY,0.4172540784262261,0.3464680473881613,0.38947089550949465,0.2560162094763093,0.4144582224039412,0.7420419539386819,0.4258926327591871,0.6411442563278803,0.45007793017456305,0.38609624539638465,0.6840953881281435,0.612998753117206,0.4400319954829907,0.5689507574347726,0.4662811057462717,0.4769842311514439,0.4742272758470786,0.4050168695907292,0.40341853699085606,0.6090093914150786,0.4820025408177667,0.3614269411217725,0.41274330951145627,0.5284694024102045,0.3593793294541428,0.4460038245194205,0.45430408679275386,0.538023362646018,0.4588964651308795,0.47320722583784497,0.5488271280862163,0.3732604871749203,0.4269133305669591,0.632602411169528,0.5026503220856042,0.7509334009608738,0.6397199184449306,0.4446580308488039,0.4176031259431041,0.35245578582280024,0.29390862752072855,0.6798658402071748,0.2701347676105898,0.42082627655460286,0.5272835874385882,0.39127182044887837,0.2683291770573574,0.35561097256857965
1BDD,11.75,TADNKFNKEQQNAFYEILHLPNLNEEQRNGFIQSLKDDPSQSANLLAEAKKLNDAQAPKA,0.4062693498452015,0.2948275862068965,0.30161662817551965,0.29240384615384607,0.4099290780141845,0.7540849673202614,0.4295865633074936,0.6259747391543107,0.3941666666666669,0.38757347754526195,0.629369138959932,0.60625,0.31949685534591216,0.46815920398009947,0.5290780141843973,0.4030075187969924,0.494189602446483,0.39836601307189523,0.39270833333333316,0.6645390070921987,0.3893081761006289,0.276412429378531,0.2987136465324384,0.556195462478185,0.42462962962962947,0.49035874439461846,0.4447595867275978,0.6343859649122806,0.33275058275058267,0.39008130081300785,0.5531920077972711,0.44453124999999977,0.38029079159935386,0.6080148619957537,0.49138957816377193,0.7209745762711868,0.6477198697068404,0.3918595679012345,0.3325774946921444,0.36077586206896545,0.2526176024279211,0.7524238782051285,0.23670150987224148,0.37892156862745086,0.5722155688622753,0.39499999999999996,0.2966666666666667,0.3933333333333333
1BRS,3.4,AQVINTFDGVADYLQTYHKLPDNYITKSEAQALGWVASKGNLADVAPGKSIGGDIFSNREGKLPGKSGRTWREADINYTSGFRNSDRILYSSDWLIYKTTDHYQTFTKIRKKAVINGEQIRSISDLHQTLKKELALPEYYGENLDALWDALTGWVEYPLVLEWRQFEQSKQLTENGAESVLQVFREAKAEGADITIILS,0.4089448791947351,0.33569705290377616,0.3797857648519735,0.27202551217626586,0.4185696945302233,0.7459355601537094,0.4334073468115774,0.6356328595200045,0.4338567839195981,0.3908952238266339,0.6717089282730794,0.5940117252931324,0.42410164027685554,0.5433885847146182,0.4786164866887627,0.4751955265047041,0.47162417592549893,0.3959010739974385,0.4139447236180906,0.6291029616165942,0.457950127998483,0.3441103824205777,0.39553472058277983,0.5419505906495832,0.3651312116136236,0.4369831218874646,0.4610924681024834,0.5523406506215287,0.44303686263485287,0.4597254565510483,0.5557943224896411,0.391539169059584,0.42146110195565917,0.6082482476074645,0.4890581941967905,0.731425489027056,0.6216860633242215,0.44770147031453567,0.40394840444259467,0.3683792525847629,0.2921206945196389,0.6958893022806343,0.25530089471748973,0.4039627728661129,0.5448379622664218,0.40100502512562797,0.28643216080402,0.3708542713567839
1C8C,6.91,GTGATCGCMATVKFKYKGEEKQVDISKIKKVWRVGKMISFTYDEGGGKTGRGAVSEKDAPKELLQMLAKQKK,0.4090879772961818,0.32007073386383733,0.34141647421093146,0.33004540598290594,0.47356070087609514,0.7814542483660131,0.4026701119724377,0.5913417536152297,0.35277777777777775,0.3811361914465606,0.6348039215686274,0.6076388888888891,0.3852201257861636,0.5225953565505803,0.4955673758865248,0.4443400167084375,0.4718399592252804,0.4004629629629627,0.4143518518518518,0.678486997635934,0.4365828092243187,0.30475517890772114,0.3705723340790453,0.5359947643979059,0.31458333333333316,0.47926008968609835,0.436251296995386,0.5519005847953218,0.41283022533022534,0.41205962059620554,0.5546113547758285,0.43737599206349215,0.3871387542631485,0.6587712314225056,0.5057347670250896,0.7721672944130572,0.6807214380504284,0.39528677983539084,0.3738287331917902,0.3228767560664111,0.255153009610521,0.7166967147435902,0.2558555942702283,0.4090413943355118,0.5379906852960744,0.36111111111111105,0.1916666666666667,0.3944444444444445
1C9O,7.2,MQRGKVKWFNNEKGYGFIEVEGGSDVFVHFTAIQGEGFKTLEEGQEVSFEIVQGNRGPQAANVVKL,0.3888263439347032,0.3130375371754682,0.38599622086920016,0.2623106060606061,0.42469753858990383,0.7669340463458109,0.4163730326521025,0.6080658312948264,0.4155303030303031,0.3703161404783789,0.6653491436100131,0.5997474747474748,0.43481989708404806,0.5558570782451379,0.48887814313346223,0.4802916381863748,0.44717820405893804,0.38383838383838376,0.4059343434343435,0.6115409413281754,0.47798742138364775,0.3878787878787877,0.4007016473459425,0.5460891638902112,0.3405723905723905,0.47486071477102854,0.4398439993015792,0.5462519936204145,0.4491417673235855,0.44892830746489254,0.53711456671983,0.3835396374458875,0.40654525872619585,0.6466415749855243,0.5455673358899166,0.75462249614792,0.6676043825880958,0.40561868686868685,0.3787029530978574,0.34974747474747475,0.2760380742171332,0.7061115967365967,0.29421391616513565,0.4228515097499053,0.5326619488296134,0.38484848484848483,0.28484848484848474,0.36969696969696964
1CIS,3.87,MKTEWPELVGKSVEEAKKVILQDKPEAQIIVLEKQAVDNAYAEYRIDRVRLAVDKLDNIAQVPRVG,0.4160451261844452,0.3697451973314042,0.3975435649800546,0.3468298368298369,0.4418022528160199,0.7534165181224001,0.43810194972985683,0.6876008852944603,0.4228219696969698,0.4009896757369131,0.6589165310392932,0.5741792929292928,0.41280731846769597,0.520578923563998,0.5659252095422308,0.47858282068808394,0.3850430914651098,0.3207070707070706,0.43813131313131304,0.6199226305609286,0.43939393939393945,0.38220338983050833,0.4066503965832824,0.5884499444708874,0.39410774410774385,0.4864111971735287,0.4820879167193494,0.5853269537480065,0.42964611146429316,0.43802660753880235,0.5935894027999291,0.42955221861471843,0.43584471532775254,0.6495850221964873,0.5256861418151741,0.7349982879643898,0.6490803803507387,0.4493897306397306,0.42320787492761996,0.3147422500870777,0.2454246562744286,0.7252877331002333,0.2162390455073381,0.37159023388969903,0.5748502994011977,0.39999999999999997,0.2969696969696969,0.4090909090909089
1COA,3.87,MKTEWPELVGKSVEEAKKVILQDKPEAQIIVLPVGTIVTMEYRIDRVRLFVDKLDNVAEVPRVG,0.41286522832817346,0.39269728116710884,0.4219832563510393,0.3263251201923078,0.4426822590738421,0.7455575980392153,0.4379844961240313,0.7135674080175728,0.45830078125000007,0.39192922642840355,0.6785885549872122,0.5791015625,0.4557783018867925,0.5573694029850744,0.5372340425531914,0.506343984962406,0.37370986238532117,0.3278186274509803,0.443359375,0.584773936170213,0.47258254716981146,0.42163665254237265,0.4442114093959729,0.57550719895288,0.3765624999999998,0.4632146860986545,0.4911071304391021,0.5439144736842106,0.4704982517482516,0.4519054878048778,0.5974278143274854,0.40874372209821436,0.4547405088852988,0.6868531050955414,0.5489919354838709,0.7575697387005651,0.6663612920738328,0.466724537037037,0.4694426751592355,0.28627873563218387,0.24601669195751127,0.7006648137019235,0.228604094076655,0.3865864527629233,0.558982035928144,0.3984375,0.2875,0.39999999999999974
1CSP,6.98,MLEGKVKWFNSEKGFGFIEVEGQDDVFVHFSAIQGEGFKTLEEGQAVSFEIVEGNRGPQAANVTKEA,0.38075874497481654,0.31272021853596743,0.373961600772121,0.28447761194029847,0.40750565072011646,0.7693883523558677,0.4072659956033786,0.6015638446974355,0.4074626865671642,0.3675895153903653,0.6803832499904567,0.6200248756218905,0.4198817234581808,0.5589218088661172,0.5311209907907272,0.4491078442374591,0.42859099000410794,0.3669885864793678,0.3917910447761195,0.6090822483328042,0.48014643762320475,0.3901593726283833,0.3838024641891213,0.5671641791044778,0.3849917081260363,0.47640720165986195,0.42564002953640295,0.5662215239591516,0.42438158856069297,0.43312704768838695,0.5247665182857643,0.38123001066098083,0.3945458491066479,0.6587128053997531,0.5732380282211771,0.7639767265368077,0.6851248642779585,0.3858139856274185,0.36836201159806053,0.3420826899982844,0.2774783140443457,0.6976535591274398,0.30225180716625927,0.4388219331151727,0.5138975779783714,0.3761194029850747,0.27164179104477604,0.3582089552238806
1DIV,6.58,MKVIFLKDVKGKGKKGEIKNVADGYANNFLFKQGLAIEATPANLKALEAQKQKEQRQAAEELANAKKLKEQLEKLTVTIPAKAGEGGRLFGSITSKQIAESLQAQHGLKLDKRKIELADAIRALGYTNVPVKLHPEVTATLKVHVTEQK,0.4179670455253807,0.32490698378224403,0.359099152161446,0.3148193082085699,0.46587596912247725,0.7779971048822202,0.40481764736486137,0.6406392239679498,0.4075922818791946,0.3806345935044663,0.6406735440017851,0.6210850111856823,0.37393947068507016,0.5222878894120008,0.5571897758103665,0.45026997022758214,0.40508589372575565,0.3460323726806157,0.40981543624161076,0.6327288305012141,0.44105356464480155,0.33331816630644967,0.37119949551822,0.6023050704522297,0.348545861297539,0.5040178168357063,0.4518573388788357,0.6137054044507243,0.39498756277279784,0.4175315108855782,0.5595686643902823,0.43268366490891647,0.3960436295822447,0.676046253152653,0.5268040035305678,0.7681435559094527,0.6851467255463494,0.4109650758140691,0.39910058564527856,0.2951477281493479,0.22491368862726716,0.7415784718637072,0.22650422093866177,0.377101053966431,0.5709761684684325,0.37046979865771795,0.2496644295302014,0.3919463087248323
1EBD,9.68,AIETETLVVGAGPGGYVAAIRAAQLGQKVTIVEKGNLGGVCLNVGCIPSKALISASHRYEQAKHSEEMGIKAENVTIDFAKVQEWKASVVKKLTGGVEGLLKGNKVEIVKGEAYFVDANTVRVVNGDSAQTYTFKNAIIATGSRPIELPNFKFSNRILDSTGALNLGEVPKSLVVIGGGYIGIELGTAYANFGTKVTILEGAGEILSGFEKQMAAIIKKRLKKKGVEVVTNALAKGAEEREDGVTVTYEANGETKTIDADYVLVTVGRRPNTDELGLEQIGIKMTNRGLIEVDQQCRTSVPNIFAIGDIVPGPALAHKASYEGKVAAEAIAGHPSAVDYVAIPAVVFSDPECASVGYFEQQAKDEGIDVIAAKFPFAANGRALALNDTDGFLKLVVRKEDGVIIGAQIIGPNASDMIAELGLAIEAGMTAEDIALTIHAHPTLGEIAMEAAEVALIAMPSVRKYAREKGVDIRLVQGTGKNGRVLKEDIDAFLAGG,0.44842798112453863,0.33147942157953275,0.41412594054980256,0.24373410359801523,0.4224383301707799,0.7501581277672336,0.37209302325581356,0.6186991815911163,0.43162802419354873,0.3565154198554334,0.699674119297089,0.6536878360215056,0.4385651247717596,0.597917669715937,0.5029169526424161,0.47848957070094494,0.42736386504882984,0.37353731815306773,0.3696236559139788,0.6097288949897057,0.5101567255021296,0.38179332968835406,0.42975346395323705,0.5621411079209571,0.3571908602150538,0.447011066107335,0.4136854021522479,0.5471349745331083,0.4773150236859915,0.4785847757671121,0.5055251957177886,0.3524175547235019,0.3944154202928761,0.6967748356276963,0.5434243176178648,0.7858347002004733,0.7031364925922038,0.4027451090203101,0.4084667146085881,0.2836571885428266,0.23337075970434287,0.7184858677109197,0.24402186130156228,0.4017792967626934,0.5437367201081705,0.3393145161290326,0.23427419354838777,0.32500000000000057
1ENH,10.53,RPRTAFSSEQLARLKREFNENRYLTERRRQQLSSELGLNEAQIKIWFQNKRAKI,0.41746932691205163,0.3088712054229295,0.35121033273458224,0.3611075498575498,0.5091317851017476,0.7055192447349309,0.502871088142406,0.6514532104867085,0.39571759259259265,0.4430119044508887,0.5372738467367624,0.5027006172839508,0.39482879105520624,0.45467108899944714,0.5356579984239559,0.44848231690336937,0.42473666326877324,0.3661946259985476,0.4976851851851852,0.6363278171788811,0.3721174004192872,0.3058694287507847,0.3441461595824012,0.561469846810161,0.32479423868312757,0.5241654210264074,0.5348128279282659,0.6382066276803117,0.38105413105413094,0.4287714543812101,0.6510585878275938,0.4922288359788357,0.45437683240591153,0.5062809624911535,0.44553809392519095,0.6143806235614143,0.5268830176539188,0.5015860768175583,0.3820429346543996,0.44513622818220505,0.30544315180127013,0.7393162393162394,0.21847980384565752,0.34181686142470447,0.615768463073852,0.46296296296296285,0.4185185185185184,0.5037037037037037
1FKB,1.46,GVQVETISPGDGRTFPKRGQTCVVHYTGMLEDGKKFDSSRDRNKPFKFMLGKQEVIRGWEEGVAQMSVGQRAKLTISPDYAYGATGHPGIIPPHATLVFDVELLKLE,0.4408220248256705,0.33684523661964855,0.3694070924435044,0.28385873472322104,0.4369363573625913,0.7460142935678942,0.412156777512135,0.6199736203277443,0.43072429906542037,0.36995326004074075,0.6698377034682218,0.6094236760124608,0.43484394286721917,0.5628400055795786,0.4517796778683633,0.4637059939568546,0.48169424676326833,0.4251420194245922,0.399532710280374,0.6359117120699938,0.4690530770587196,0.3457151908759702,0.4057893746471807,0.5048686206390374,0.3575804776739353,0.4413478060433343,0.4450356618281955,0.5146089522872607,0.44928436049931375,0.4455664463186685,0.5420492430453078,0.38930031708945256,0.4078254042546766,0.6570926840883391,0.5093249228913986,0.7570489466180895,0.6657432494139849,0.42477933541017643,0.40822191797130786,0.32827102803738306,0.2672911378043764,0.7019230769230774,0.26519912729167344,0.4110067136455261,0.5386759191896583,0.3766355140186914,0.2598130841121494,0.3570093457943924
1G6P,6.3,MRGKVKWFDSKKGYGFITKDEGGDVFVHWSAIEMEGFKTLKEGQVVEFEIQEGKKGPQAAHVKVVE,0.3738624636457456,0.3511373683787477,0.3654559451326196,0.3581643356643357,0.44807903819167894,0.7755496137849077,0.43269908386187467,0.620030619206896,0.39356060606060594,0.38932233218619294,0.6652328915756024,0.5845959595959597,0.41909662664379643,0.5330167345092718,0.530141843971631,0.4569377990430619,0.4274395329441202,0.36274509803921556,0.4343434343434345,0.622501611863314,0.45883361921097765,0.3805855161787364,0.38321130770795175,0.5607647152149773,0.3505050505050503,0.49103139013452896,0.46069878197833686,0.5540669856459328,0.4200042381860562,0.4211382113821136,0.5712719298245614,0.42207792207792216,0.4162750281490185,0.6580052113491608,0.5473118279569893,0.7713790446841295,0.6701378606916065,0.4167368125701457,0.40236247828604504,0.342302333681644,0.28646479974249317,0.6834389568764571,0.3011297645443987,0.4370847512558741,0.5158410451823624,0.3984848484848486,0.23939393939393933,0.39393939393939403
1HDN,2.7,MFQQEVTITAPNGLHTRPAAQFVKEAKGFTSEITVTSNGKSASAKSLFKLQTLGLTQGTVVTISAEGEDEQKAVEHLVKLMAELE,0.407284647605172,0.2831955063192387,0.3691617986686592,0.2408891402714932,0.4229698888316277,0.7906574394463666,0.3872321021431831,0.6332073521336047,0.43338235294117644,0.35502413521251436,0.6683917556792538,0.6595588235294118,0.4051054384017759,0.5740122914837575,0.5415519399249059,0.4674038036267135,0.3976254722072312,0.34855824682814285,0.37769607843137254,0.6007509386733416,0.4692563817980021,0.35214356929212337,0.38835373075404644,0.5913766553741919,0.3711111111111107,0.4805592192033762,0.41992262830027677,0.5760990712074304,0.4202797202797202,0.4338593974175033,0.5209236326109391,0.38541228991596627,0.38745604865532657,0.6739977519670293,0.5491636257480661,0.7738451312728482,0.6909625087820142,0.39558823529411763,0.387330086174597,0.30363421230561194,0.2451396947246274,0.7167703619909507,0.24238573478171752,0.4055992450456117,0.5381049665375132,0.35176470588235287,0.2447058823529411,0.3458823529411764
1HRC,8.76,XGDVEKGKKIFVQKCAQCHTVEKGGKHKTGPNLHGLFGRKTGQAPGFTYTDANKNKGITWKEETLMEYLENPKKYIPGTKMIFAGIKKKTEREDLIAYLKKATNE,0.39307722076684926,0.33658947153642127,0.3270785219399538,0.34494082840236706,0.47163521709829614,0.7387820512820507,0.42799642218246886,0.6178769061800362,0.37223557692307696,0.3941765088896526,0.6240409207161123,0.588341346153846,0.374455732946299,0.4994259471871411,0.4760638297872339,0.43796992481202995,0.48129851799576573,0.42062594268476605,0.42427884615384615,0.6612111292962358,0.41908563134978216,0.29033572359843524,0.34925141972121837,0.5211437776882808,0.3415064102564101,0.4667988961710936,0.4582811138791667,0.553947368421053,0.4007194728348575,0.3969043151969976,0.5736336032388661,0.45299622252747257,0.3964210264694919,0.6499111954924058,0.5130511548005345,0.762155041286397,0.6660924580305687,0.41359508547008544,0.3895467907888289,0.3344938107869141,0.2642552818956462,0.7118042714497045,0.2642723130528008,0.4078311394487866,0.5426186089359741,0.3903846153846153,0.2249999999999999,0.3980769230769229
1HZ6,4.1,MHHHHHHAMEEVTIKANLIFANGSTQTAEFKGTFEKATSEAYAYADTLKKDNGEWTVDVADKGYTLNIKFAG,0.3899746302029585,0.30131889183613314,0.3607261996407492,0.3205769230769232,0.4182485050757891,0.7520424836601308,0.4208656330749356,0.6091509549087804,0.40234375,0.3917659429944875,0.6766126740551293,0.6357060185185185,0.40015723270440273,0.5545190713101162,0.5292553191489362,0.44977025898078526,0.43361365953109066,0.3683278867102395,0.3984374999999999,0.5848108747044916,0.465146750524109,0.3273305084745762,0.35598434004474255,0.5591913903432232,0.3762345679012344,0.4880418535127053,0.43347103560942224,0.588888888888889,0.4149184149184149,0.44065040650406456,0.5370878005198181,0.390407986111111,0.40167833423083843,0.631413658881812,0.5138544251447478,0.762476459510358,0.6533357461696223,0.4139017489711935,0.38638711960368,0.36360552362707516,0.3026154948575282,0.6753973023504277,0.29418312040263245,0.44214200831847883,0.5067697937458417,0.38749999999999996,0.23611111111111105,0.3444444444444442
1IMQ,7.31,MELKHSISDYTEAEFLQLVTTICNADTSSEEELVKLVTHFEEMTEHPSGSDLIYYPKEGDDDSPSGIVNTVKQWRAANGKSGFKQG,0.37521599827201396,0.3021405218678675,0.34005585692035006,0.305740161001789,0.39411182582879767,0.7517099863201095,0.4193257616729767,0.6142548816775858,0.3951308139534884,0.36752989681702114,0.6712662820436563,0.6228197674418602,0.3953488372093024,0.5407844498438046,0.4823107372587826,0.4330302500437137,0.4892255173885215,0.41803465572275417,0.38299418604651153,0.6437407224146464,0.4409828872312418,0.32211273157272347,0.3646402372405181,0.5246560331182278,0.3978682170542635,0.44639691312962765,0.4268074891760889,0.5357405140758877,0.4105952187347536,0.4206182643221777,0.5342292261661907,0.39929401993355473,0.3919393620618404,0.6108169160124429,0.5251197414738299,0.7363684141374326,0.6429310910789587,0.40614233419465967,0.3626188712783288,0.36733159582999203,0.29325616684899597,0.6933558810375675,0.258366420873511,0.4226568005637774,0.5207074223645732,0.38139534883720927,0.255813953488372,0.35813953488372074
1LMB,8.5,AATACCACTGGCGGTGATATTATATCACCGCCAGTGGTATSTKKKPLTQEQLEDARRLKAIYEKKKNELGLSQESVADKMGMGQSGVGALFNGINALNAYNAALLAKILKVSVEEFSPSIAREIYEMYEAVS,0.45288605872971177,0.27525922353508536,0.39031772692280786,0.1960547785547787,0.4177286001441196,0.7740641711229936,0.34660559079163716,0.5667007804569582,0.3739583333333334,0.37085052262574003,0.6748624350926147,0.7051767676767677,0.41352201257861626,0.6151062867480781,0.4880722114764664,0.45033037138300264,0.46462329719210427,0.40337195484254296,0.334280303030303,0.6371695680206324,0.5088622069754142,0.3027863379558293,0.4210646735814522,0.5447405997144221,0.35256734006733986,0.45865606740046216,0.3681098688052792,0.5681818181818183,0.4684255138800592,0.4822801182557275,0.4684675704412546,0.33991139069264076,0.362749057619817,0.6730360934182595,0.5332769381156475,0.7896764252696457,0.7091929062613096,0.35532407407407407,0.340752750434279,0.30969174503657243,0.2504828252172713,0.7131501311188816,0.25538485904339553,0.4267879328039756,0.5139266920704049,0.30530303030303024,0.19090909090909083,0.29848484848484846
1LOP,6.6,MVTFHTNHGDIVIKTFDDKAPETVKNFLDYCREGFYNNTIFHRVINGFMIQGGGFEPGMKQKATKEPIKNEANNGLKNTRGTLAMARTQAPHSATAQFFINVVDNDFLNFSGESLQGWGYCVFAEVVDGMDEVDKIKGVATGRSGMHQDVPKEDVIIESVTVSEXAPAX,0.41391983834189205,0.3207643069299064,0.38185061747175403,0.2631886227544912,0.4069458080085136,0.723435481977221,0.4115025762428628,0.6209524936946531,0.42185628742514963,0.37390443660058187,0.6867237392223228,0.6190119760479045,0.4298949271268783,0.5654660827598538,0.46891323735507656,0.4758903246139301,0.470966324232269,0.40319361277445126,0.3930888223552894,0.5989297999745193,0.4832222347757312,0.36135187252613404,0.3914921834183983,0.5109257923942693,0.36906187624750497,0.4527805375795498,0.43280397282129546,0.5351402458241409,0.45356140865122907,0.4568716226084415,0.5316209685891374,0.3718522775876816,0.40889787468681377,0.6584442579808538,0.512598624091767,0.7621705741060248,0.6731228097550818,0.4110113107119096,0.39422861283801824,0.3349938054924632,0.2770437879930577,0.6921925380009212,0.28425379206743284,0.42855465539509224,0.521675212449353,0.37485029940119735,0.25269461077844324,0.3485029940119762
1MJC,5.24,SGKMTGIVKWFNADKGFGFITPDDGSKDVFVHFSAIQNDGYKSLDEGQKVSFTIESGAKGPAAGNVTSL,0.4291739579126847,0.3121516164994426,0.3528801419151856,0.23504459308807138,0.39894070486659033,0.7529127593066213,0.3722053701831257,0.5732556566307732,0.4102355072463769,0.33732028883277604,0.7121094184365615,0.643719806763285,0.41181296144380647,0.5686783473934677,0.4284613012642615,0.45548654244306397,0.533439702167265,0.44899119067917004,0.35718599033816417,0.6521739130434783,0.4891987968280011,0.34465733235077356,0.3742826573290535,0.49609226800212464,0.35555555555555535,0.4171703385975172,0.395181656141927,0.4922959572845155,0.442789094963008,0.4496995404736652,0.4830917874396137,0.35746635610766053,0.3658425230034419,0.6745361395735253,0.4975869385406554,0.7921886514369935,0.699916599789139,0.3772812667740203,0.3742896704513982,0.3230051640846243,0.2671482923181807,0.6978992474916388,0.29051153865575924,0.4388514299000231,0.5099540050334114,0.34347826086956523,0.18840579710144928,0.3101449275362318
1NYF,4.54,TGVTLFVALYDYEARTEDDLSFHKGEKFQILNSSEGDWWEARSLTTGETGYIPSNYVAPVDSIQAEE,0.38703156046393433,0.3188170553070193,0.36634380062734817,0.273369690011481,0.3808491958231369,0.7647058823529409,0.4285548999190098,0.6232183399313155,0.4268656716417911,0.37950735389593304,0.6898499828224605,0.6091417910447762,0.42579555054914126,0.55624860770773,0.4812638932994602,0.45516777017169785,0.47651650006846497,0.405033655253146,0.39023631840796025,0.632899333121626,0.45564629681779795,0.342372881355932,0.38826004207152154,0.534109556927405,0.4194859038142619,0.4129576333578741,0.43790534709721807,0.5291437549096624,0.43727168354034024,0.4414270112850379,0.5312145413284457,0.37591617803837957,0.4055288983193887,0.5939490445859874,0.5226695307581201,0.7259254574584703,0.6215016124588779,0.42730790491984516,0.37980416389390625,0.3891748155772861,0.3167621679161099,0.6741173938002296,0.2743772427063289,0.43268949370793097,0.5126999731879524,0.3970149253731343,0.28955223880597014,0.3402985074626864
1PBA,6.8,HHSGEHFEGEKVFRVNVEDENDISELHELASTRQIDFWKPDSVTQIKPHSTVDFRVKAEDILAVEDFLEQNELQYEVLINN,0.3418472652218783,0.32747159183940794,0.3676902460582215,0.38318850902184265,0.397147669154344,0.7116920842411035,0.46521198200784786,0.6661310770774435,0.4074074074074074,0.3982751463745274,0.6642985696694136,0.5740740740740742,0.4081062194269743,0.5155702966648241,0.536249014972419,0.45252018936229454,0.4253029788197982,0.3606874848704915,0.4277263374485596,0.5847123719464147,0.43978569764733294,0.37976564134756197,0.37111608252547834,0.5608557947126884,0.41186556927297635,0.4957094613297899,0.47502777961748743,0.5812865497076026,0.40529223862557184,0.42445046672688924,0.5836040719081655,0.4184027777777778,0.4326372683938652,0.5953251553039239,0.5334742517538215,0.7019948385296786,0.6152062304794841,0.44272976680384074,0.3881229849807343,0.3843656875266071,0.3022911631915172,0.693524453941121,0.26571170473609496,0.410554345194868,0.539572706438974,0.4296296296296294,0.3432098765432097,0.4074074074074072
1PCA,6.8,KKEDFVGHQVLRISVDDEAQVQKVKELEDLEHLQLDFWRGPARPGFPIDVRVPFPSIQAVKVFLEAHGIRYTIMIEDVQLLLDEEQEQMFASQGRARTTSTFNYATYHTLEEIYDFMDILVAEHPALVSKLQIGRSYEGRPIYVLKFSTGGSNRPAIWIDSGIHSREWITQASGVWFAKKITENYGQNSSFTAILDSMDIFLEIVTNPNGFAFTHSDNRLWRKTRSKASGSLCVGSDSNRNWDAGFGGAGASSSPCAETYHGKYPNSEVEVKSITDFVKNNGNIKAFISIHSYSQLLLYPYGYKTQSPADKSELNQIAKSAVAALKSLYGTSYKYGSIITVIYQASGGVIDWTYNQGIKYSFSFELRDTGRRGFLLPASQIIPTAQETWLALLTIMEHTLNNS,0.4175014788467309,0.34165509343057104,0.3945753270792389,0.23911004008398554,0.41707841998528095,0.72658492677468,0.42731836805355167,0.6360233449567582,0.45603287841190987,0.3872391346584139,0.6811192272787833,0.6066480562448293,0.4443091905051738,0.5678308210807017,0.46124808616229324,0.48672549861004805,0.4713957247251115,0.4033717705444461,0.4065860215053763,0.6096299033841924,0.481810946205347,0.35852714808428393,0.411111296151348,0.5250412482298982,0.3510339123242352,0.4402074130122748,0.45612259336517935,0.5340472770014381,0.46551215533845886,0.4819282212673247,0.549671324713768,0.37125852977667495,0.4294186974107761,0.617747467244076,0.4900799832521591,0.742913319594565,0.6256442587219097,0.45307186839444896,0.41847797569186534,0.3654060066740837,0.30267869582079854,0.6767214640198521,0.2689497756374227,0.41955830380877834,0.528568669113385,0.3940446650124076,0.2709677419354848,0.3558312655086859
1PGB,6.0,MTYKLILNGKTLKGETTTEAVDAATAEKVFKQYANDNGVDGEWTYDDATKTFTVTE,0.3727747678018578,0.28173550587343704,0.339450676344441,0.2874313186813186,0.3903540139460037,0.7949929971988797,0.41237541528239224,0.6300698203498863,0.3873883928571427,0.3725479493466796,0.6798958713920352,0.617559523809524,0.38477088948787064,0.5295842217484008,0.5034194528875379,0.4699248120300751,0.45183486238532095,0.3778011204481793,0.39174107142857145,0.632598784194529,0.4258760107816713,0.30272397094430986,0.35097075743048906,0.5459050112191475,0.4217261904761904,0.4161595131326071,0.42460475149726085,0.543045112781955,0.411401098901099,0.39081010452961634,0.5268379281537178,0.40513392857142877,0.37948592199399966,0.6357768425841674,0.5147819922013471,0.75181598062954,0.6656778346517759,0.3939318783068783,0.3668789808917197,0.34634133825944163,0.27998319965315416,0.6966002747252746,0.26169736187157777,0.426009039979628,0.5173224978614199,0.3767857142857144,0.24285714285714283,0.3428571428571428
1PIN,9.44,MADEEKLPPGWEKRMSRSSGRVYYFNHITNASQWERPSGNSSSGGKNGQGEPARVRCSHLLVKHSQSRRPSSWRQEKITRTKEEALELINGYIQKIKSGEEDFESLASQFSDCSSAKARGDLGAFSRGQMQKPFEDASFALRTGEMSGPVFTDSGIHIILRTE,0.4402267849341867,0.2916144570470781,0.3313591861601892,0.3073879188296367,0.44856684352372994,0.7323469265006605,0.42393113615827255,0.576367060504071,0.37818251533742325,0.3759886561488895,0.6171841902938827,0.5968813905930473,0.3995832851024422,0.526233861368007,0.46319018404907947,0.41274966557498005,0.5162942533911181,0.4471309996391192,0.4012014314928427,0.6752382195535837,0.42389165412663476,0.29879380264115607,0.3530695433771153,0.5014293514919863,0.35248807089297884,0.4652122479297922,0.43750022855290055,0.5407168227316753,0.40557295465270926,0.4407002843034566,0.5450839522118178,0.41925257449605596,0.38991744055819305,0.568989097729671,0.4808354519021449,0.695045232400957,0.607222077896125,0.42146671211088416,0.3457262318783947,0.3997866864113954,0.2930495173017305,0.7210579872581406,0.24586904940039758,0.3930207889067506,0.5561955842915398,0.38588957055214734,0.2834355828220859,0.3877300613496933
1PKS,1.05,MSAEGYQYRALYDYKKEREEDIDLHLGDILTVNKGSLVALGFSDGQEARPEEIGWLNGYNETTGERGDFPGTYVEYIGR,0.39179762511266997,0.3184702682738476,0.36352208612272346,0.31804040895813074,0.4057445224251833,0.7594936708860758,0.43548228829359265,0.5910440083693059,0.396993670886076,0.3792200293463737,0.6648645148758456,0.5854430379746833,0.420826367327442,0.5369355752881163,0.4585241044977107,0.43846959170077077,0.5065613749854836,0.43472325639116405,0.4013713080168777,0.6692701319687586,0.44279914019584427,0.32377172280626465,0.38841219947328165,0.5141493803432967,0.37827004219409266,0.41397513765113236,0.4470708513683109,0.5407061958694207,0.43648756306984154,0.4280950910774927,0.5445258716411281,0.3944394213381558,0.40700599169751145,0.5802829960493432,0.5145773785218459,0.7023349781877994,0.6102887615277833,0.431346694796062,0.3687978714827055,0.3967154081187255,0.3050171913716601,0.6986520204479069,0.2627354121642482,0.4097565378280195,0.5394830591980594,0.4012658227848101,0.31898734177215177,0.37468354430379736
1PNJ,1.1,GSMSAEGYQYRALYDYKKEREEDIDLHLGDILTVNKGSLVALGFSDGQEAKPEEIGWLNGYNETTGERGDFPGTYVEYIGRKKISP,0.3966448268413853,0.3241009191289866,0.34875664643643595,0.31485465116279093,0.4145152370695927,0.7583219334245325,0.42437353524427646,0.5877744147733802,0.39200581395348844,0.37019832785612355,0.6623743531790872,0.5920542635658912,0.40631856077226847,0.5295036445678583,0.4492825333993072,0.4298828466515124,0.5208022189033498,0.44767441860465107,0.39437984496124034,0.6860465116279072,0.4363756033347959,0.3134016554986203,0.3769314811924456,0.5080360404237189,0.37177002583979313,0.4129731984565648,0.4396125109163244,0.5268053855569158,0.427427223938852,0.420845150311968,0.5396776825785393,0.40364150747508326,0.3949449599879778,0.5951155384387501,0.5143054994517863,0.7191564840362632,0.624914779183395,0.4217269595176574,0.36843430602873617,0.3809476075915531,0.293335568338215,0.7040613819320218,0.25702941414796215,0.4080234630850226,0.5398551733741818,0.3906976744186046,0.283720930232558,0.369767441860465
1POH,2.7,MFQQEVTITAPNGLHTRPAAQFVKEAKGFTSEITVTSNGKSASAKSLFKLQTLGLTQGTVVTISAEGEDEQKAVEHLVKLMAELE,0.407284647605172,0.2831955063192387,0.3691617986686592,0.2408891402714932,0.4229698888316277,0.7906574394463666,0.3872321021431831,0.6332073521336047,0.43338235294117644,0.35502413521251436,0.6683917556792538,0.6595588235294118,0.4051054384017759,0.5740122914837575,0.5415519399249059,0.4674038036267135,0.3976254722072312,0.34855824682814285,0.37769607843137254,0.6007509386733416,0.4692563817980021,0.35214356929212337,0.38835373075404644,0.5913766553741919,0.3711111111111107,0.4805592192033762,0.41992262830027677,0.5760990712074304,0.4202797202797202,0.4338593974175033,0.5209236326109391,0.38541228991596627,0.38745604865532657,0.6739977519670293,0.5491636257480661,0.7738451312728482,0.6909625087820142,0.39558823529411763,0.387330086174597,0.30363421230561194,0.2451396947246274,0.7167703619909507,0.24238573478171752,0.4055992450456117,0.5381049665375132,0.35176470588235287,0.2447058823529411,0.3458823529411764
1RIS,5.9,MRRYEVNIVLNPNLDQSQLALEKEIIQRALENYGARVEKVEELGLRRLAYPIAKDPQGYFLWYQVEMPEDRVNDLARELRIRDNVRRVMVVKSQEPFLANA,0.4240719737608434,0.36155684533970645,0.40918757002721085,0.3225399847677077,0.4509969144599064,0.7455833818675978,0.47463350986261416,0.6866045747902628,0.4483910891089107,0.42350769288073886,0.6291053657795445,0.5501237623762375,0.4382589202316458,0.5240135953893896,0.5367600589846219,0.48179855579542896,0.40621309837405745,0.34420500873616766,0.46245874587458746,0.6020644617653257,0.4386325424995327,0.37281423057559965,0.4162735065452854,0.5699030636047905,0.3627062706270626,0.487190871553523,0.5140596813506104,0.6097967691505997,0.4420480509589421,0.45737744506157907,0.6205054715997914,0.4246596534653465,0.46917737007949567,0.5923882197136913,0.498503795789008,0.6829725345415898,0.5899205555734727,0.49236798679867977,0.43153433814719055,0.3710026175031295,0.2837182049009149,0.7113480578827117,0.22730879359712974,0.3680397451509857,0.5835536847097885,0.43366336633663366,0.3762376237623762,0.4396039603960396
1SHF,4.5,VTLFVALYDYEARTEDDLSFHKGEKFQILNSSEGDWWEARSLTTGETGYIPSNYVAPVD,0.3883087579367163,0.33687002652519893,0.3733119348651504,0.27563885267275084,0.3831484270592477,0.7683615819209038,0.4394954670871109,0.6370498608512736,0.4402542372881357,0.3899819469407438,0.6959989596428108,0.6006355932203392,0.43588103613687257,0.5580571717682772,0.47006851785070336,0.4659105390595132,0.482351111802208,0.40777666999002987,0.40148305084745756,0.6227912008654886,0.46146466261592595,0.34705544383797754,0.3972813104311227,0.5295944626852428,0.41139359698681727,0.40883180056243806,0.4520655201096493,0.5259589652096343,0.4468412942989214,0.44799503927242623,0.5422613737734167,0.373600181598063,0.41934777251444394,0.5942189355500379,0.5102494006813306,0.7282629512592167,0.6137580743112679,0.44420903954802254,0.4003972794990823,0.3932398207675824,0.32851521308608317,0.658776075619296,0.28476938522411854,0.44016435541859256,0.506282350553131,0.40847457627118644,0.29152542372881346,0.3423728813559321
1SHG,1.41,MDETGKELVLALYDYQEKSPREVTMKKGDILTLLNSTNKDWWKVEVNDRQGFVPAAYVKKLD,0.3789823229801261,0.35334131941473423,0.3544289652089697,0.3387313895781638,0.4235536355928781,0.8001265022137887,0.45748937234308584,0.6736284565375282,0.4151209677419355,0.4038705126552035,0.662445342793499,0.5739247311827957,0.39774802191113817,0.5081848820414058,0.5126973232669869,0.466044142614601,0.4598993785143533,0.3730234029095508,0.44287634408602156,0.6355525051475636,0.4208764455264759,0.33501913613996714,0.377246157176878,0.559618307718291,0.38055555555555537,0.45204686821929674,0.4868176486800024,0.572835314091681,0.40728626212497165,0.40822187254130593,0.5952060931899641,0.4351958525345621,0.43311272082964203,0.6245120197246764,0.4974545745617546,0.7368780754510662,0.6311337606388567,0.45120221027479085,0.4162810766385863,0.35131627734519827,0.2850971657937246,0.6926566377171218,0.24946611217264247,0.4035851877407854,0.5434228317558432,0.41774193548387106,0.2774193548387096,0.40967741935483853
1SRL,4.04,GALAGGVTTFVALYDYESRTETDLSFKKGERLQIVNNTEGDWWLAHSLTTGQTGYIPSNYVAPS,0.4287200077399383,0.3027188328912467,0.37929416859122395,0.19775540865384605,0.39744993742177714,0.786764705882353,0.4027374031007754,0.6133477484898406,0.44726562500000006,0.3628468140136374,0.6914961636828645,0.634114583333333,0.44339622641509446,0.5874533582089552,0.4265292553191489,0.4869595864661653,0.5020068807339448,0.4322916666666665,0.37434895833333326,0.6293218085106383,0.4784787735849057,0.3311705508474575,0.41186031879194634,0.5188972513089006,0.36640625,0.3951093049327352,0.423455195708325,0.5031249999999999,0.47279283216783213,0.46985518292682893,0.5043973866959065,0.3497314453125,0.39484046849757676,0.6194516321656051,0.49775124069478904,0.7509489759887006,0.639742806731813,0.4254918981481481,0.3924402866242037,0.3629894037356322,0.2941009104704097,0.6880446213942307,0.26649608013937276,0.4211508467023171,0.5255613772455089,0.37343750000000003,0.26249999999999996,0.3093749999999999
1TEN,1.06,RLDAPSQIEVKDVTDTTALITWFKPLAEIDGIELTYGIKDVPGDRTTIDLTEDENQYSIGNLKPDTEYEVSLISRRGDMSSNPAKETFTT,0.40106639146886824,0.32413793103448296,0.348498845265589,0.3029978632478635,0.38966764010568766,0.7075163398692812,0.4214470284237727,0.6452071511379583,0.41680555555555565,0.36199284165425716,0.6828928672918441,0.5960648148148145,0.4060796645702307,0.5303482587064678,0.4609929078014184,0.4531328320802004,0.4884811416921509,0.423747276688453,0.39212962962962955,0.6498817966903075,0.43291404612159345,0.32758945386064,0.37069351230425046,0.502617801047121,0.4319753086419752,0.3895366218236172,0.44225886924078867,0.504795321637427,0.4255633255633257,0.412845528455284,0.5428362573099416,0.4035466269841269,0.39820499012744576,0.6284501061571125,0.5080452164323133,0.7245448838669176,0.6464832911086981,0.4242026748971195,0.3918414720452935,0.3390325670498085,0.2682937110099477,0.7092815170940173,0.22830042586140137,0.3964646464646467,0.5456420492348638,0.3844444444444442,0.27999999999999986,0.36222222222222217
1TIT,3.47,MHHHHHHSSLIEVEKPLYGVEVFVGETAHFEIELSEPDVHGQWKLKGQPLTASPDCEIIEDGKKHILILHNCQLGMTGEVSFQAANAKSAANLKVKEL,0.3898164528969481,0.33849401829697395,0.38627044351227796,0.3275058869701728,0.42678347934918653,0.7363945578231289,0.41876285397880075,0.6386656804402157,0.4279974489795919,0.3877910910425775,0.6802286131844042,0.6505102040816326,0.4226030034655373,0.5813280536095039,0.5242075553625702,0.4481356452355376,0.4252012731698182,0.37394957983193267,0.39370748299319736,0.5725141120277899,0.4967269926838659,0.3718609477689379,0.4092590056156691,0.5723367881183892,0.35374149659863935,0.5143223208565937,0.4442141052725479,0.5883995703544579,0.43481518481518466,0.46737182677949174,0.5487006205991168,0.3805348032069971,0.4213758201180312,0.665670089691928,0.5532334025421581,0.7794880664130058,0.6722063418201155,0.42346938775510184,0.4128142467177954,0.3240382359840487,0.2742250162584001,0.6876471742543174,0.2735902723458721,0.4242242351486049,0.5238298912379324,0.3826530612244897,0.25102040816326515,0.35714285714285693
1UBQ,7.33,MQIFVKTLTGKTITLEVEPSDTIENVKAKIQDKEGIPPDQQRLIFAGKQLEDGRTLSDYNIQKESTLHLVLRLRGG,0.39366750855466837,0.3271673879659361,0.3699708277622462,0.3060323886639678,0.43429286608260304,0.7163312693498449,0.4289065687474502,0.658667880574583,0.4308388157894736,0.3714591557662084,0.6563804011307041,0.5882675438596492,0.4103773584905663,0.5271013354281228,0.49006159014557665,0.4780371982588047,0.44217769193626255,0.38531991744066046,0.41995614035087714,0.6268197088465847,0.4456305858987092,0.3528099910793932,0.39305898975626985,0.5442270597960872,0.35599415204678336,0.45326882227991494,0.46951959174710045,0.5556786703601112,0.42519322782480673,0.42445442875481365,0.5738111726685132,0.4196869125939849,0.4208825780120737,0.6507710358699296,0.5072417395846938,0.7340358311031817,0.6545516886679239,0.43944931773879137,0.4139222259470328,0.31537356321839083,0.24242272981391255,0.7307059716599196,0.21987896570695023,0.37273665447040044,0.5746769618657422,0.39078947368421035,0.2999999999999999,0.4078947368421051
1URN,5.73,AAUCCAUUGCACUCCGGAUUUAVPETRPNHTIYINNLNEKIKKDELKKSLHAIFSRFGQILDILVSRSLKMRGQAFVIFKEVSSATNALRSMQGFPFYDKPMRIQYAKTDSDIIAKMK,0.43112152400078085,0.3571821158028053,0.40996192497347217,0.25798683298683306,0.44414752675078095,0.6856562444797735,0.41734758013827783,0.6326095452948831,0.4229166666666669,0.41604124698411094,0.6670583627105368,0.6238738738738737,0.4360020397756246,0.5733494688718572,0.48715737013609334,0.4793741109530581,0.45086370774444173,0.38632750397456267,0.4117867867867868,0.5963197239792984,0.50263471018188,0.3462360665750495,0.42139790797508925,0.5231828687326074,0.32592592592592606,0.48612289419464305,0.4531497521761777,0.5760075865339027,0.47117747117747116,0.4964623159745107,0.5619237658711344,0.37725225225225223,0.4388216973031189,0.6523498020313306,0.4865043703753383,0.7644678576881965,0.6556915221410337,0.43931431431431434,0.41949847937109075,0.336193952573263,0.2898467511517587,0.6729686417186419,0.27435100605832297,0.4291403703168407,0.5174839510168853,0.3738738738738736,0.2306306306306305,0.3747747747747746
1VII,11.52,MLSDEDFKAVFGMTRSAFANLPLWKQQNLKKEKGLF,0.39323185414516704,0.3609637488947833,0.35694123684885815,0.28111111111111114,0.43891670143234596,0.7995642701525054,0.45542635658914726,0.6571328329977423,0.46006944444444436,0.41944248504323745,0.6668797953964197,0.6041666666666666,0.4009433962264151,0.5315091210613597,0.5558510638297871,0.44966583124477855,0.43348623853211005,0.3474945533769063,0.45023148148148157,0.5886524822695037,0.46331236897274636,0.3532485875706215,0.36539895600298294,0.5910413030831879,0.3532407407407408,0.49414549078226216,0.4953197783517673,0.6461988304093564,0.3836441336441336,0.4251355013550133,0.5981968810916181,0.41685267857142866,0.4496275354514448,0.6612703467799008,0.5018610421836229,0.7721280602636532,0.6577090119435396,0.44798096707818924,0.4384501061571127,0.3420737547892721,0.3005395380205699,0.6610576923076923,0.30787843592721637,0.4434541493365024,0.5099467731204258,0.41666666666666674,0.2611111111111112,0.4166666666666668
1VIK,6.8,PQITLWQRPLVTIKIGGQLKEALLDTGADDTVLEEMNLPGRWKPKMIGGIGGFIKVRQYDQILIEICGHKAIGTVLVGPTPVNIIGRNLLTQIGCTLNF,0.4410357444413169,0.37890844787396505,0.44311475027410374,0.19977272727272752,0.4257721141325647,0.6941968706674584,0.40294417038603103,0.6665002579335364,0.4912878787878786,0.3741340040423042,0.710558268103025,0.627104377104377,0.4835143891747664,0.6128448665762097,0.43982376961100345,0.5263917369180525,0.44750254841997955,0.3979005743711627,0.4031986531986532,0.5776918117343649,0.5387840670859537,0.40984420475945904,0.4767473391634468,0.5283727325612146,0.32631874298540947,0.4140055261131493,0.460139844701736,0.5254651780967572,0.5181535636081088,0.5079329884207928,0.5455800697028766,0.3422957251082251,0.44514613012189735,0.7245222929936311,0.5288116901020127,0.8007047879929234,0.7010934535364501,0.44743733632622495,0.47039567651032616,0.2613781493091838,0.22981713952882382,0.7056016899766903,0.25041354309646985,0.3962350780532598,0.5535716445896088,0.3666666666666665,0.2606060606060604,0.3515151515151513
1WIT,0.41,LKPKILTASRKIKIKAGFTHNLEVDFIGAPDPTATWTVGDSGAALAPELLVDAKSSTTSIFFPSAKRADSGNYKLKVKNELGEDEAIFEVIVQ,0.4400945437597788,0.352642537292148,0.3732399612605231,0.26903639371381327,0.42541079575275537,0.7425679949399112,0.3883470867716931,0.6420494470130439,0.4413978494623657,0.36486831559759186,0.695569672469268,0.6393369175627239,0.41063095962669927,0.564275397207511,0.502173415694349,0.45638289271566007,0.4454966952747359,0.38730761121652946,0.3817204301075266,0.6209105467856327,0.48001623047271236,0.35684344815017277,0.3905246445839647,0.555930867533638,0.388769414575866,0.43454361348184567,0.43144280009998526,0.5401245048104134,0.4366869689450335,0.4464463676894829,0.5241935483870966,0.3828365015360982,0.39279448295030156,0.6925210602013562,0.5270738280103524,0.7874673470627543,0.6952704517063032,0.41333134209478295,0.4235326347510443,0.29046162402669634,0.24805423662440643,0.7010571753515307,0.25120827245138816,0.41256971997009945,0.5318137917712963,0.3580645161290322,0.21720430107526884,0.33333333333333315
1YCC,9.62,TEFKAGSAKKGATLFKTRCLQCHTVEKGGPHKVGPNLHGIFGRHSGQAEGYSYTDANIKKNVLWDENNMSEYLTNPKKYIPGTKMAFGGLKKEKDRNDLITYLKKACE,0.40937105836486637,0.32299341782100405,0.3337610127448464,0.3169836182336185,0.4583159504936728,0.7475490196078426,0.4208297444731554,0.6012366017857504,0.37384259259259267,0.3916734157152686,0.6323529411764705,0.6068672839506171,0.3834730957372468,0.5199004975124379,0.4478920409771472,0.43629908103592324,0.5156303092082909,0.44535221496005806,0.406442901234568,0.6599684791174154,0.4350104821802933,0.28236032642812287,0.3598682575192643,0.5069808027923217,0.32808641975308633,0.46400099651220744,0.44429358824351867,0.5497076023391817,0.4155659155659157,0.4226287262872624,0.5529023175222003,0.4264942956349206,0.39289774427092705,0.6303815758433593,0.49187115154857103,0.7541718978865871,0.6528732858808864,0.41338734567901225,0.37801840056617103,0.3538074712643675,0.2781360647445625,0.705851584757835,0.2683894696089817,0.41320063378886923,0.5368707030383677,0.38333333333333325,0.22777777777777766,0.3777777777777775
2ABD,6.55,SQAEFDKAAEEVKHLKTKPADEEMLFIYSHYKQATVGDINTERPGMLDFKGKAKWDAWNELKGTSKEDAMKAYIDKVEELKKKYGI,0.37139102887176934,0.3514588859416446,0.32131156345668405,0.4004136851520575,0.44183135896614967,0.7704058367533058,0.4490715702181361,0.6286604600079179,0.3723110465116278,0.40961510069499496,0.6455718789032294,0.5813953488372092,0.35761298815269865,0.4826449149600834,0.565314200890648,0.40785102290610237,0.4437806699381267,0.363657090743274,0.43725775193798433,0.6593270658090055,0.40258885476086004,0.3073117855735118,0.32577649445918505,0.5694021672957511,0.40290697674418585,0.4838877880905203,0.47041387308877697,0.6051407588739294,0.35912343470482994,0.38119682359614243,0.5927597579219364,0.4634162167774086,0.41019836946312543,0.6212598133609838,0.5206416988862603,0.7449086847983182,0.6422619498522837,0.42274978466838925,0.38589838542438126,0.36171812349639115,0.2927180011998448,0.689442643112702,0.2678470140183129,0.42145462836297315,0.5255117671633477,0.4104651162790697,0.23720930232558135,0.4139534883720929
2ACY,0.92,AEGDTLISVDYEIFGKVQGVFFRKYTQAEGKKLGLVGWVQNTDQGTVQGQLQGPASKVRHMQEWLETKGSPKSHIDRASFHNEKVIVKLDYTDFQIVK,0.3900691855689643,0.3235803605261734,0.37323844087288505,0.2900686813186814,0.43005287221271477,0.7585034013605442,0.4323682961556715,0.636244942787659,0.4242984693877552,0.38173054314601457,0.6661882144162011,0.5850340136054422,0.4227955333076626,0.5350289369479136,0.4783977420755534,0.4940156513733312,0.45777944205205,0.3843537414965984,0.42219387755102034,0.6233174120712116,0.4553330766268771,0.35928744379107563,0.39621284755512953,0.5369697617266806,0.33922902494331053,0.4725450718403953,0.46150711427030555,0.5393125671321162,0.43677750820607975,0.44382777501244375,0.5621494211719774,0.40430256924198243,0.4192987372655042,0.6295658390744835,0.49089988352661157,0.7463536261962412,0.6428349841565291,0.4336026077097505,0.39930326270635624,0.3544159042927517,0.2807516026137314,0.7024136577708011,0.2680793571784114,0.40803594164938695,0.5437125748502996,0.3989795918367345,0.27551020408163246,0.38367346938775504
2AIT,4.2,DTTVSEPAPSCVTLYQSWRYSQADNGCAETVTVKVVYEDDTEGLCYAVAPGQITTVGDGYIGSHGHARYLARCL,0.43714961091122095,0.3004516452792315,0.40465638849010666,0.21220893970893967,0.3879342421269831,0.7608638049814518,0.3893777498428664,0.6069059174495749,0.4107263513513514,0.3788740539269578,0.6963088408101197,0.6492117117117114,0.45741968383477827,0.6097216619604677,0.4117308798159864,0.4997967892704734,0.5024795437639474,0.4360095389507154,0.3550112612612612,0.6331224841863138,0.49719530851606303,0.32104901511681166,0.4526120079811354,0.48641573510683483,0.3735735735735733,0.4183129317658463,0.4002193630149124,0.48335704125177814,0.508883008883009,0.49620962425840454,0.4907835467045994,0.33037222490347495,0.39424966161638214,0.6153382682045105,0.49195225001676607,0.7500763475339749,0.6452445931273292,0.4077827827827827,0.3676226545016353,0.3659327430879155,0.29990157076651763,0.6812142671517674,0.26504378943403334,0.43239630004335855,0.509807412202622,0.3527027027027028,0.24864864864864852,0.28918918918918896
2CI2,3.9,SSVEKKPEGVNTGAGDRHNLKTEWPELVGKSVEEAKKVILQDKPEAQIIVLPVGTIVTMEYRIDRVRLFVDKLDNIAEVPRVG,0.42370099593420113,0.35665207248090514,0.386154317037202,0.33604726598702533,0.4449085453202043,0.7427356484762576,0.41944522275147117,0.6701005008501881,0.41792168674698793,0.37111436576307605,0.6608325886666871,0.588855421686747,0.42623323482609704,0.5409099082898757,0.501538067162266,0.4735936226107437,0.42842931358461367,0.37762815969761393,0.41666666666666663,0.6241989233529863,0.45146624232780175,0.3808249948948334,0.4109727500606452,0.5506213335015462,0.37235609103078954,0.4558863255713435,0.4618709289771842,0.5268230818008879,0.44911112983402135,0.4368498383779015,0.5660977242302542,0.41597192340791717,0.4150398038032582,0.667274192310644,0.537552692158211,0.7452351780001363,0.6669806260874116,0.4369422132976349,0.4231202517074668,0.29999307575128104,0.2348392050752326,0.7298569277108438,0.21892447840141044,0.37394497777205077,0.572628237500902,0.3831325301204819,0.2795180722891564,0.3855421686746986
2HQI,0.18,ATQTVTLAVPGMTCAACPITVKKALSKVEGVSKVDVGFEKREAVVTFDDTKASVQKLTKATADAGYPSSVKQ,0.45059339525283815,0.30209254347185394,0.3727546830895561,0.23857905982905978,0.4289563343067723,0.8010620915032681,0.3599267872523687,0.637233815363964,0.4064236111111111,0.3558958382318363,0.6833972719522592,0.6640624999999998,0.4064465408805032,0.5783582089552239,0.5017730496453898,0.48861737677527134,0.42622324159021385,0.36791938997821333,0.3622685185185184,0.6309101654846336,0.4709119496855346,0.33182674199623335,0.4066927665920952,0.5516288539848753,0.37700617283950594,0.4616965620328846,0.39765602578537207,0.5144736842105265,0.45070901320901324,0.4427506775067747,0.4989745776478236,0.37932477678571425,0.3679433674385211,0.6988013092710548,0.5145505927763995,0.7987288135593222,0.7157528049221862,0.3787937242798354,0.38699221514508114,0.27871567688378035,0.23386654864272463,0.7136919070512822,0.2365950445218737,0.41273024361259625,0.5264637391882903,0.32361111111111124,0.17777777777777773,0.3083333333333333
2PDD,9.8,VIAMPSVRKYAREKGVDIRLVQGTGKNGRVLKEDIDAFLAGGA,0.47818417452660394,0.3315649867374006,0.410655781728342,0.30029069767441857,0.46232208865733326,0.7580939352485181,0.3832702361636922,0.6054812714710801,0.4063953488372094,0.36027099885716785,0.6717421043240351,0.6153100775193799,0.44010530934620445,0.5727178063172509,0.4950519544779813,0.4784053156146181,0.43994026029443134,0.38052895576835377,0.39874031007751926,0.6358238495794163,0.49012724879333036,0.37528577059519125,0.42687685344154824,0.5508340435894313,0.3133074935400518,0.46063197413703183,0.43470998387387433,0.5490820073439411,0.4727597983411936,0.4709585933068631,0.528576771385829,0.3803986710963456,0.400045083968892,0.6787512961042806,0.49947486871717933,0.7539088161870976,0.6822967956972957,0.4209732988802756,0.4108191379054954,0.2926022453889334,0.2230123160532166,0.7423691860465115,0.2263998055262944,0.37254901960784315,0.576966996240078,0.34883720930232565,0.2604651162790698,0.36744186046511634
2PTL,4.1,ENKEETPETPETDSEEEVTIKANLIFANGSTQTAEFKGTFEKATSEAYAYADTLKKDNGEYTVDVADKGYTLNIKFAG,0.36755775184567774,0.28392164864313396,0.3068928761769409,0.320285996055227,0.3935047013895574,0.7655857214680745,0.4078711985688732,0.6068376068376068,0.3622596153846154,0.3652203271295676,0.6547970358712047,0.6151175213675213,0.3492985002418966,0.49980864906238054,0.5181396617566829,0.41073838442259497,0.4663608562691132,0.40120663650075405,0.37446581196581186,0.6721222040370974,0.397677793904209,0.28320295523685346,0.31384443297194964,0.5407437239897976,0.4567663817663816,0.4251466022766468,0.4114217956359821,0.5487179487179489,0.3727810650887574,0.3639462163852404,0.5215736992052781,0.42963026556776557,0.35606437181558354,0.6152621264086234,0.5493033021569004,0.7327430102853832,0.6613352264818062,0.3733677587844254,0.33177527355871295,0.3619031830238726,0.27924983463678454,0.7108296351084816,0.2548914500134011,0.4214200831847889,0.5210655611853217,0.3743589743589744,0.2512820512820511,0.3487179487179485
2VIK,6.8,VELSKKVTGKLDKTTPGIQIWRIENMEMVPVPTKSYGNFYEGDCYVLLSTRKTGSGFSYNIHYWLGKNSSQDEQGAAAIYTTQMDEYLGSVAVQHREVQGHESETFRAYFKQGLIYKQGGVASGMK,0.39829967074549105,0.3155025051576775,0.3746471644855017,0.24630799755799762,0.4267040149393091,0.7668067226890749,0.427094868955334,0.6117169181419593,0.4245039682539684,0.3813125375551897,0.6597247594690052,0.6015211640211641,0.4302186283318357,0.553541814735845,0.44875042215467736,0.48442534908700297,0.4880588320955292,0.41534391534391524,0.40790343915343896,0.6411685241472479,0.4573225516621742,0.3296341135324183,0.4003408969851924,0.5141278151749359,0.32619047619047614,0.4488931596554914,0.4478347667300578,0.5245614035087723,0.4555167055167055,0.45828493999225656,0.5505546273090132,0.3894646400226756,0.41729492012206076,0.6017086240016176,0.48998778998779,0.7403596090036768,0.6216758871481998,0.4382164902998238,0.390498432918815,0.38009715380405024,0.30588072355902385,0.6835985195360195,0.2692882030861125,0.4200902583255526,0.5278965877768276,0.3904761904761904,0.25555555555555554,0.36507936507936495
3MEF,5.3,SGKMTGIVKWFNADKGFGFITPDDGSKDVFVHFSAIQNDGYKSLDEGQKVSFTIESGAKGPAAGNVTSL,0.4291739579126847,0.3121516164994426,0.3528801419151856,0.23504459308807138,0.39894070486659033,0.7529127593066213,0.3722053701831257,0.5732556566307732,0.4102355072463769,0.33732028883277604,0.7121094184365615,0.643719806763285,0.41181296144380647,0.5686783473934677,0.4284613012642615,0.45548654244306397,0.533439702167265,0.44899119067917004,0.35718599033816417,0.6521739130434783,0.4891987968280011,0.34465733235077356,0.3742826573290535,0.49609226800212464,0.35555555555555535,0.4171703385975172,0.395181656141927,0.4922959572845155,0.442789094963008,0.4496995404736652,0.4830917874396137,0.35746635610766053,0.3658425230034419,0.6745361395735253,0.4975869385406554,0.7921886514369935,0.699916599789139,0.3772812667740203,0.3742896704513982,0.3230051640846243,0.2671482923181807,0.6978992474916388,0.29051153865575924,0.4388514299000231,0.5099540050334114,0.34347826086956523,0.18840579710144928,0.3101449275362318
256B,12.2,ADLEDNMETLNDNLKVIEKADNAAQVKDALTKMRAAALDAQKATPPKLEDKSPDSPEMKDFRHGFDILVGQIDDALKLANEGKVKEAQAAAEQLKTTRNAYHQKYR,0.4258353291664231,0.3044392172563935,0.3164843784042879,0.36648222060957925,0.42334758070229317,0.7722900480947091,0.4173614158256547,0.623092225917752,0.371992924528302,0.3852729926489182,0.6480480625392074,0.6134040880503143,0.3358846564613742,0.48817234581807956,0.5705539943797672,0.40218470705064524,0.4493681841786394,0.3635775064742876,0.39956761006289304,0.6615816940987558,0.39996440014239937,0.2898305084745761,0.31758895783208796,0.5708288056900134,0.4319182389937107,0.49026990439123425,0.44064551319780004,0.6294935451837143,0.3439437920569997,0.3823515876668195,0.5547073264923311,0.44576524595687345,0.3813210595299784,0.6374984977767097,0.49675546607987275,0.7321847351028679,0.667803658861369,0.3919025157232703,0.3529046989544524,0.32911787031012785,0.23997194147793954,0.7460654027576205,0.22464006311222132,0.3804947364880774,0.565800474522653,0.3783018867924527,0.26792452830188673,0.3924528301886791
